/nfs/dri/02/rdsmbh/shared/rdsmbh/230327_A00748_0368_AH5CTMDSX5_fastq/01_P_21_S1_L001_I1_001.fastq.gz	5444f787c3a30bcd10c92dfe45c43db1
/nfs/dri/02/rdsmbh/shared/rdsmbh/230327_A00748_0368_AH5CTMDSX5_fastq/01_P_21_S1_L001_I2_001.fastq.gz	e1309eadcab39bfe375b7fdce1aeeb97
/nfs/dri/02/rdsmbh/shared/rdsmbh/230327_A00748_0368_AH5CTMDSX5_fastq/01_P_21_S1_L001_R1_001.fastq.gz	b0a398107df9e9464d1fc64193df088b
/nfs/dri/02/rdsmbh/shared/rdsmbh/230327_A00748_0368_AH5CTMDSX5_fastq/01_P_21_S1_L001_R2_001.fastq.gz	b540bd085a50f41cac2298c929b7408d
/nfs/dri/02/rdsmbh/shared/rdsmbh/230327_A00748_0368_AH5CTMDSX5_fastq/01_P_21_S1_L002_I1_001.fastq.gz	511b0cdef866991262449b0908df233e
/nfs/dri/02/rdsmbh/shared/rdsmbh/230327_A00748_0368_AH5CTMDSX5_fastq/01_P_21_S1_L002_I2_001.fastq.gz	266bcd3c6defd775da7a334e035b65cd
/nfs/dri/02/rdsmbh/shared/rdsmbh/230327_A00748_0368_AH5CTMDSX5_fastq/01_P_21_S1_L002_R1_001.fastq.gz	9b657115f754513a6faad8dd14c55604
/nfs/dri/02/rdsmbh/shared/rdsmbh/230327_A00748_0368_AH5CTMDSX5_fastq/01_P_21_S1_L002_R2_001.fastq.gz	8864cdb0bf33448d05e065a67bd66ad5
/nfs/dri/02/rdsmbh/shared/rdsmbh/230327_A00748_0368_AH5CTMDSX5_fastq/01_P_21_S1_L003_I1_001.fastq.gz	9432596fef2b85ee987ac4e08a20da53
/nfs/dri/02/rdsmbh/shared/rdsmbh/230327_A00748_0368_AH5CTMDSX5_fastq/01_P_21_S1_L003_I2_001.fastq.gz	660e78614ded9d887de01289102f099a
/nfs/dri/02/rdsmbh/shared/rdsmbh/230327_A00748_0368_AH5CTMDSX5_fastq/01_P_21_S1_L003_R1_001.fastq.gz	1e154c2d4c31ebc5b2a7ea81bba6d59a
/nfs/dri/02/rdsmbh/shared/rdsmbh/230327_A00748_0368_AH5CTMDSX5_fastq/01_P_21_S1_L003_R2_001.fastq.gz	8a7c7df29db9f62e3029f57018c216be
/nfs/dri/02/rdsmbh/shared/rdsmbh/230327_A00748_0368_AH5CTMDSX5_fastq/01_P_21_S1_L004_I1_001.fastq.gz	3b35afd84850b426b9a3e9bc47e06a2a
/nfs/dri/02/rdsmbh/shared/rdsmbh/230327_A00748_0368_AH5CTMDSX5_fastq/01_P_21_S1_L004_I2_001.fastq.gz	18245ba555c828c492fcd53469d66cd3
/nfs/dri/02/rdsmbh/shared/rdsmbh/230327_A00748_0368_AH5CTMDSX5_fastq/01_P_21_S1_L004_R1_001.fastq.gz	ec99c8a5b619edd5641934b526ad9f97
/nfs/dri/02/rdsmbh/shared/rdsmbh/230327_A00748_0368_AH5CTMDSX5_fastq/01_P_21_S1_L004_R2_001.fastq.gz	5e494dc9836b44e99cc5c9de9dd20088
/nfs/dri/02/rdsmbh/shared/rdsmbh/230327_A00748_0368_AH5CTMDSX5_fastq/02_P_22_S2_L001_I1_001.fastq.gz	243d404191a78d9a855ab635592bc196
/nfs/dri/02/rdsmbh/shared/rdsmbh/230327_A00748_0368_AH5CTMDSX5_fastq/02_P_22_S2_L001_I2_001.fastq.gz	8373aa1d3a60a4939b1f6ba6183fc1ce
/nfs/dri/02/rdsmbh/shared/rdsmbh/230327_A00748_0368_AH5CTMDSX5_fastq/02_P_22_S2_L001_R1_001.fastq.gz	2492c03be2e9ca5892d29e2ebbeacc42
/nfs/dri/02/rdsmbh/shared/rdsmbh/230327_A00748_0368_AH5CTMDSX5_fastq/02_P_22_S2_L001_R2_001.fastq.gz	5e2d7fda83b7aa51fc68566da40ec86d
/nfs/dri/02/rdsmbh/shared/rdsmbh/230327_A00748_0368_AH5CTMDSX5_fastq/02_P_22_S2_L002_I1_001.fastq.gz	3116bedafaa67d5756ce532d4b7db483
/nfs/dri/02/rdsmbh/shared/rdsmbh/230327_A00748_0368_AH5CTMDSX5_fastq/02_P_22_S2_L002_I2_001.fastq.gz	6a2ee960a9d645372cddfe39175c3675
/nfs/dri/02/rdsmbh/shared/rdsmbh/230327_A00748_0368_AH5CTMDSX5_fastq/02_P_22_S2_L002_R1_001.fastq.gz	1a9a475b5f5b2ac3cbf0413d5c4d2527
/nfs/dri/02/rdsmbh/shared/rdsmbh/230327_A00748_0368_AH5CTMDSX5_fastq/02_P_22_S2_L002_R2_001.fastq.gz	6388d6dab6ecd92589358ec90ae0c8fb
/nfs/dri/02/rdsmbh/shared/rdsmbh/230327_A00748_0368_AH5CTMDSX5_fastq/02_P_22_S2_L003_I1_001.fastq.gz	3c8ece8696442df545b2c96d1b2c0f84
/nfs/dri/02/rdsmbh/shared/rdsmbh/230327_A00748_0368_AH5CTMDSX5_fastq/02_P_22_S2_L003_I2_001.fastq.gz	09002dcf709e9b309f6fd655f54639bb
/nfs/dri/02/rdsmbh/shared/rdsmbh/230327_A00748_0368_AH5CTMDSX5_fastq/02_P_22_S2_L003_R1_001.fastq.gz	369e4b726f93154cf17c8d97f830a9bd
/nfs/dri/02/rdsmbh/shared/rdsmbh/230327_A00748_0368_AH5CTMDSX5_fastq/02_P_22_S2_L003_R2_001.fastq.gz	72a75815da41bacfe7da171ef67d6a8c
/nfs/dri/02/rdsmbh/shared/rdsmbh/230327_A00748_0368_AH5CTMDSX5_fastq/02_P_22_S2_L004_I1_001.fastq.gz	32b7e564162f831fb2a5db7223a7c70b
/nfs/dri/02/rdsmbh/shared/rdsmbh/230327_A00748_0368_AH5CTMDSX5_fastq/02_P_22_S2_L004_I2_001.fastq.gz	df7fc2bd1bcef71d1a0d9bda96b8f3b0
/nfs/dri/02/rdsmbh/shared/rdsmbh/230327_A00748_0368_AH5CTMDSX5_fastq/02_P_22_S2_L004_R1_001.fastq.gz	7ff6127e2d62433c170acd3b9c875042
/nfs/dri/02/rdsmbh/shared/rdsmbh/230327_A00748_0368_AH5CTMDSX5_fastq/02_P_22_S2_L004_R2_001.fastq.gz	0a87152b6e7e8b8b67c19c1bc44f270a
/nfs/dri/02/rdsmbh/shared/rdsmbh/230327_A00748_0368_AH5CTMDSX5_fastq/03_P_23_S3_L001_I1_001.fastq.gz	c4892fd56ec2ad16268d26fa1aff0d5b
/nfs/dri/02/rdsmbh/shared/rdsmbh/230327_A00748_0368_AH5CTMDSX5_fastq/03_P_23_S3_L001_I2_001.fastq.gz	08fcfed32da963e82f5b1f2a7592e310
/nfs/dri/02/rdsmbh/shared/rdsmbh/230327_A00748_0368_AH5CTMDSX5_fastq/03_P_23_S3_L001_R1_001.fastq.gz	90755fff46ff6332a766d40c63432ca2
/nfs/dri/02/rdsmbh/shared/rdsmbh/230327_A00748_0368_AH5CTMDSX5_fastq/03_P_23_S3_L001_R2_001.fastq.gz	24b9dc42cf7f81d046ee94b405851239
/nfs/dri/02/rdsmbh/shared/rdsmbh/230327_A00748_0368_AH5CTMDSX5_fastq/03_P_23_S3_L002_I1_001.fastq.gz	17f4114afe3fd1c3420322ce856249e4
/nfs/dri/02/rdsmbh/shared/rdsmbh/230327_A00748_0368_AH5CTMDSX5_fastq/03_P_23_S3_L002_I2_001.fastq.gz	2937a0a773ce86e9858a9591b2f86f72
/nfs/dri/02/rdsmbh/shared/rdsmbh/230327_A00748_0368_AH5CTMDSX5_fastq/03_P_23_S3_L002_R1_001.fastq.gz	4a0ebcff6e9e3f06992fdf7aead33f80
/nfs/dri/02/rdsmbh/shared/rdsmbh/230327_A00748_0368_AH5CTMDSX5_fastq/03_P_23_S3_L002_R2_001.fastq.gz	2ca53d2a43d0eceaad31d5111792830e
/nfs/dri/02/rdsmbh/shared/rdsmbh/230327_A00748_0368_AH5CTMDSX5_fastq/03_P_23_S3_L003_I1_001.fastq.gz	9f84c42417a22bca7406653d592779dd
/nfs/dri/02/rdsmbh/shared/rdsmbh/230327_A00748_0368_AH5CTMDSX5_fastq/03_P_23_S3_L003_I2_001.fastq.gz	db6ea74b5fcb43b2309d8b7c388c111a
/nfs/dri/02/rdsmbh/shared/rdsmbh/230327_A00748_0368_AH5CTMDSX5_fastq/03_P_23_S3_L003_R1_001.fastq.gz	73a00803223e8c6c6e33a0e18015e59f
/nfs/dri/02/rdsmbh/shared/rdsmbh/230327_A00748_0368_AH5CTMDSX5_fastq/03_P_23_S3_L003_R2_001.fastq.gz	0e68a122cbbe8aebb72092f087e2716b
/nfs/dri/02/rdsmbh/shared/rdsmbh/230327_A00748_0368_AH5CTMDSX5_fastq/03_P_23_S3_L004_I1_001.fastq.gz	2228375f8ba106a0f95d1af2cd482cd1
/nfs/dri/02/rdsmbh/shared/rdsmbh/230327_A00748_0368_AH5CTMDSX5_fastq/03_P_23_S3_L004_I2_001.fastq.gz	9aeb0a7ba601e59bc1c73576ae25b0bf
/nfs/dri/02/rdsmbh/shared/rdsmbh/230327_A00748_0368_AH5CTMDSX5_fastq/03_P_23_S3_L004_R1_001.fastq.gz	8bc880c61fc1f9639408badeb8478c77
/nfs/dri/02/rdsmbh/shared/rdsmbh/230327_A00748_0368_AH5CTMDSX5_fastq/03_P_23_S3_L004_R2_001.fastq.gz	a39a664d12f7d04da8b69871c56c8ac9
/nfs/dri/02/rdsmbh/shared/rdsmbh/230327_A00748_0368_AH5CTMDSX5_fastq/04_P_24_S4_L001_I1_001.fastq.gz	1a29a694ac995ed32d4494f017bbc201
/nfs/dri/02/rdsmbh/shared/rdsmbh/230327_A00748_0368_AH5CTMDSX5_fastq/04_P_24_S4_L001_I2_001.fastq.gz	a1859fb7905c546732d19d0041d69db0
/nfs/dri/02/rdsmbh/shared/rdsmbh/230327_A00748_0368_AH5CTMDSX5_fastq/04_P_24_S4_L001_R1_001.fastq.gz	6e6aa658849cf4a2b3396cfb26d70c96
/nfs/dri/02/rdsmbh/shared/rdsmbh/230327_A00748_0368_AH5CTMDSX5_fastq/04_P_24_S4_L001_R2_001.fastq.gz	50840b5e066341711aeb9341ae16f3c1
/nfs/dri/02/rdsmbh/shared/rdsmbh/230327_A00748_0368_AH5CTMDSX5_fastq/04_P_24_S4_L002_I1_001.fastq.gz	f03acaca91ce1ca7cfd76ae0b63f23d6
/nfs/dri/02/rdsmbh/shared/rdsmbh/230327_A00748_0368_AH5CTMDSX5_fastq/04_P_24_S4_L002_I2_001.fastq.gz	c5669d3f1877a4ff68475023efd8753c
/nfs/dri/02/rdsmbh/shared/rdsmbh/230327_A00748_0368_AH5CTMDSX5_fastq/04_P_24_S4_L002_R1_001.fastq.gz	ed42276f178debf607f30c86d47a32cd
/nfs/dri/02/rdsmbh/shared/rdsmbh/230327_A00748_0368_AH5CTMDSX5_fastq/04_P_24_S4_L002_R2_001.fastq.gz	ea4f5f5e5cfc9c1556afd63c8eb16527
/nfs/dri/02/rdsmbh/shared/rdsmbh/230327_A00748_0368_AH5CTMDSX5_fastq/04_P_24_S4_L003_I1_001.fastq.gz	4b73a57264a05b03f834754e6a5ddc77
/nfs/dri/02/rdsmbh/shared/rdsmbh/230327_A00748_0368_AH5CTMDSX5_fastq/04_P_24_S4_L003_I2_001.fastq.gz	bbf1b10abaf310358735078668c36181
/nfs/dri/02/rdsmbh/shared/rdsmbh/230327_A00748_0368_AH5CTMDSX5_fastq/04_P_24_S4_L003_R1_001.fastq.gz	aa788431dd16c27f62c1d324ff03bac7
/nfs/dri/02/rdsmbh/shared/rdsmbh/230327_A00748_0368_AH5CTMDSX5_fastq/04_P_24_S4_L003_R2_001.fastq.gz	d578e223d1fcac78536978d212f8325e
/nfs/dri/02/rdsmbh/shared/rdsmbh/230327_A00748_0368_AH5CTMDSX5_fastq/04_P_24_S4_L004_I1_001.fastq.gz	a04e45dc116f673ec26a3cf04dec50ce
/nfs/dri/02/rdsmbh/shared/rdsmbh/230327_A00748_0368_AH5CTMDSX5_fastq/04_P_24_S4_L004_I2_001.fastq.gz	1d8b6e6cab021480034a469c675712b5
/nfs/dri/02/rdsmbh/shared/rdsmbh/230327_A00748_0368_AH5CTMDSX5_fastq/04_P_24_S4_L004_R1_001.fastq.gz	8340bbd686f02c10b736de9442488b89
/nfs/dri/02/rdsmbh/shared/rdsmbh/230327_A00748_0368_AH5CTMDSX5_fastq/04_P_24_S4_L004_R2_001.fastq.gz	83e7d18b667622f333088ebcb08a34e5
/nfs/dri/02/rdsmbh/shared/rdsmbh/230327_A00748_0368_AH5CTMDSX5_fastq/05_V_21_S5_L001_I1_001.fastq.gz	d7d96e850350111ca002d3efa9fd0154
/nfs/dri/02/rdsmbh/shared/rdsmbh/230327_A00748_0368_AH5CTMDSX5_fastq/05_V_21_S5_L001_I2_001.fastq.gz	fb21a549d672bb43a1e93495dbff6fcd
/nfs/dri/02/rdsmbh/shared/rdsmbh/230327_A00748_0368_AH5CTMDSX5_fastq/05_V_21_S5_L001_R1_001.fastq.gz	5a0cd7cb9baa749a3a05c9d1817f9c51
/nfs/dri/02/rdsmbh/shared/rdsmbh/230327_A00748_0368_AH5CTMDSX5_fastq/05_V_21_S5_L001_R2_001.fastq.gz	25367a90c2b8b13243fe1c3f75260d15
/nfs/dri/02/rdsmbh/shared/rdsmbh/230327_A00748_0368_AH5CTMDSX5_fastq/05_V_21_S5_L002_I1_001.fastq.gz	82928f27dcd5f5d686da8dd7676ffe2f
/nfs/dri/02/rdsmbh/shared/rdsmbh/230327_A00748_0368_AH5CTMDSX5_fastq/05_V_21_S5_L002_I2_001.fastq.gz	043e672ddf8161ab7bd27b27bd196eb3
/nfs/dri/02/rdsmbh/shared/rdsmbh/230327_A00748_0368_AH5CTMDSX5_fastq/05_V_21_S5_L002_R1_001.fastq.gz	fc8914727ff45cdffd46816963a3ba41
/nfs/dri/02/rdsmbh/shared/rdsmbh/230327_A00748_0368_AH5CTMDSX5_fastq/05_V_21_S5_L002_R2_001.fastq.gz	a4abab5c572e12fc5052e3e3ef828abf
/nfs/dri/02/rdsmbh/shared/rdsmbh/230327_A00748_0368_AH5CTMDSX5_fastq/05_V_21_S5_L003_I1_001.fastq.gz	556810b673310b62b16321e45b7b1054
/nfs/dri/02/rdsmbh/shared/rdsmbh/230327_A00748_0368_AH5CTMDSX5_fastq/05_V_21_S5_L003_I2_001.fastq.gz	f4b455fc042475978a98f11099c0eac8
/nfs/dri/02/rdsmbh/shared/rdsmbh/230327_A00748_0368_AH5CTMDSX5_fastq/05_V_21_S5_L003_R1_001.fastq.gz	ff6979afae3b0bc13451389b5fb66778
/nfs/dri/02/rdsmbh/shared/rdsmbh/230327_A00748_0368_AH5CTMDSX5_fastq/05_V_21_S5_L003_R2_001.fastq.gz	238d812da5f92210f89c5b43863db082
/nfs/dri/02/rdsmbh/shared/rdsmbh/230327_A00748_0368_AH5CTMDSX5_fastq/05_V_21_S5_L004_I1_001.fastq.gz	aabeffb53bdb91004787f74236eb168e
/nfs/dri/02/rdsmbh/shared/rdsmbh/230327_A00748_0368_AH5CTMDSX5_fastq/05_V_21_S5_L004_I2_001.fastq.gz	4c4c396bee5dbdf7f8dcf5c5c7b1b674
/nfs/dri/02/rdsmbh/shared/rdsmbh/230327_A00748_0368_AH5CTMDSX5_fastq/05_V_21_S5_L004_R1_001.fastq.gz	78377dbdb72a9d07218c831a2c7343d2
/nfs/dri/02/rdsmbh/shared/rdsmbh/230327_A00748_0368_AH5CTMDSX5_fastq/05_V_21_S5_L004_R2_001.fastq.gz	022bb0fd23811acf97a32b03da91bb20
/nfs/dri/02/rdsmbh/shared/rdsmbh/230327_A00748_0368_AH5CTMDSX5_fastq/06_V_22_S6_L001_I1_001.fastq.gz	9355bd734e134eec2bd567107b5cca8e
/nfs/dri/02/rdsmbh/shared/rdsmbh/230327_A00748_0368_AH5CTMDSX5_fastq/06_V_22_S6_L001_I2_001.fastq.gz	c6d2a8922e38b255b5b7a9e761c30ed0
/nfs/dri/02/rdsmbh/shared/rdsmbh/230327_A00748_0368_AH5CTMDSX5_fastq/06_V_22_S6_L001_R1_001.fastq.gz	8a3c8c00d4346b0a01a2d000b8a02879
/nfs/dri/02/rdsmbh/shared/rdsmbh/230327_A00748_0368_AH5CTMDSX5_fastq/06_V_22_S6_L001_R2_001.fastq.gz	38ecab5e5a52189b2cb37a157db105fe
/nfs/dri/02/rdsmbh/shared/rdsmbh/230327_A00748_0368_AH5CTMDSX5_fastq/06_V_22_S6_L002_I1_001.fastq.gz	b9e9e8f258f51ed023d65cb957f811ca
/nfs/dri/02/rdsmbh/shared/rdsmbh/230327_A00748_0368_AH5CTMDSX5_fastq/06_V_22_S6_L002_I2_001.fastq.gz	5a224aaa2c44994087b6b85e8a954170
/nfs/dri/02/rdsmbh/shared/rdsmbh/230327_A00748_0368_AH5CTMDSX5_fastq/06_V_22_S6_L002_R1_001.fastq.gz	2999c9749b6207d299481af3a2b749be
/nfs/dri/02/rdsmbh/shared/rdsmbh/230327_A00748_0368_AH5CTMDSX5_fastq/06_V_22_S6_L002_R2_001.fastq.gz	ab019502f19b020cd982f61c10e0147e
/nfs/dri/02/rdsmbh/shared/rdsmbh/230327_A00748_0368_AH5CTMDSX5_fastq/06_V_22_S6_L003_I1_001.fastq.gz	f751dcbfd7a77badc8c760342ad0666f
/nfs/dri/02/rdsmbh/shared/rdsmbh/230327_A00748_0368_AH5CTMDSX5_fastq/06_V_22_S6_L003_I2_001.fastq.gz	fc048b450159ee847e6d0ba093613d93
/nfs/dri/02/rdsmbh/shared/rdsmbh/230327_A00748_0368_AH5CTMDSX5_fastq/06_V_22_S6_L003_R1_001.fastq.gz	29709232a1d255ce71a218d355abf1c2
/nfs/dri/02/rdsmbh/shared/rdsmbh/230327_A00748_0368_AH5CTMDSX5_fastq/06_V_22_S6_L003_R2_001.fastq.gz	bc5c6f7b7ada70d676796f968d87305b
/nfs/dri/02/rdsmbh/shared/rdsmbh/230327_A00748_0368_AH5CTMDSX5_fastq/06_V_22_S6_L004_I1_001.fastq.gz	f1e6f5547de8b46dd4bccfac7e18ab04
/nfs/dri/02/rdsmbh/shared/rdsmbh/230327_A00748_0368_AH5CTMDSX5_fastq/06_V_22_S6_L004_I2_001.fastq.gz	bb1427cce82f431bd5b00e2ada907388
/nfs/dri/02/rdsmbh/shared/rdsmbh/230327_A00748_0368_AH5CTMDSX5_fastq/06_V_22_S6_L004_R1_001.fastq.gz	79b2b1ca2aff4150f1951c782476254a
/nfs/dri/02/rdsmbh/shared/rdsmbh/230327_A00748_0368_AH5CTMDSX5_fastq/06_V_22_S6_L004_R2_001.fastq.gz	ca50df439c07006bbb8a570b6a7c6da3
/nfs/dri/02/rdsmbh/shared/rdsmbh/230327_A00748_0368_AH5CTMDSX5_fastq/07_V_23_S7_L001_I1_001.fastq.gz	165c05c1c762cfe54822c9dc792cb480
/nfs/dri/02/rdsmbh/shared/rdsmbh/230327_A00748_0368_AH5CTMDSX5_fastq/07_V_23_S7_L001_I2_001.fastq.gz	e754b3dc844b8a8d44850a2acd4f7918
/nfs/dri/02/rdsmbh/shared/rdsmbh/230327_A00748_0368_AH5CTMDSX5_fastq/07_V_23_S7_L001_R1_001.fastq.gz	e2d5553fdd6e7188035d1b11d884e7c8
/nfs/dri/02/rdsmbh/shared/rdsmbh/230327_A00748_0368_AH5CTMDSX5_fastq/07_V_23_S7_L001_R2_001.fastq.gz	bd771e86c7e72f960e24c4981210650f
/nfs/dri/02/rdsmbh/shared/rdsmbh/230327_A00748_0368_AH5CTMDSX5_fastq/07_V_23_S7_L002_I1_001.fastq.gz	de70cb54cd76a10fa778c388b2699ae4
/nfs/dri/02/rdsmbh/shared/rdsmbh/230327_A00748_0368_AH5CTMDSX5_fastq/07_V_23_S7_L002_I2_001.fastq.gz	6c60ec7ebed45b0adec4434566c000d5
/nfs/dri/02/rdsmbh/shared/rdsmbh/230327_A00748_0368_AH5CTMDSX5_fastq/07_V_23_S7_L002_R1_001.fastq.gz	10756b3394586c5ee5735322ef24064c
/nfs/dri/02/rdsmbh/shared/rdsmbh/230327_A00748_0368_AH5CTMDSX5_fastq/07_V_23_S7_L002_R2_001.fastq.gz	2cbd758e5161f4e96b8d65a7a38ee147
/nfs/dri/02/rdsmbh/shared/rdsmbh/230327_A00748_0368_AH5CTMDSX5_fastq/07_V_23_S7_L003_I1_001.fastq.gz	10a4eafd34c1b78bd158ed6f0dd8178b
/nfs/dri/02/rdsmbh/shared/rdsmbh/230327_A00748_0368_AH5CTMDSX5_fastq/07_V_23_S7_L003_I2_001.fastq.gz	2db1049b5b37a858130163caab44ccbd
/nfs/dri/02/rdsmbh/shared/rdsmbh/230327_A00748_0368_AH5CTMDSX5_fastq/07_V_23_S7_L003_R1_001.fastq.gz	0dc7ddaf809d3b35c0360be38b326df2
/nfs/dri/02/rdsmbh/shared/rdsmbh/230327_A00748_0368_AH5CTMDSX5_fastq/07_V_23_S7_L003_R2_001.fastq.gz	18d7469bdcfb686d980beb9d76412645
/nfs/dri/02/rdsmbh/shared/rdsmbh/230327_A00748_0368_AH5CTMDSX5_fastq/07_V_23_S7_L004_I1_001.fastq.gz	ad21f0919d5f7b0aecd918018d315b66
/nfs/dri/02/rdsmbh/shared/rdsmbh/230327_A00748_0368_AH5CTMDSX5_fastq/07_V_23_S7_L004_I2_001.fastq.gz	9392e996497b9b2f795f1edec3986e3d
/nfs/dri/02/rdsmbh/shared/rdsmbh/230327_A00748_0368_AH5CTMDSX5_fastq/07_V_23_S7_L004_R1_001.fastq.gz	b8a96d313c57b87ac86a8fe76c38aa4d
/nfs/dri/02/rdsmbh/shared/rdsmbh/230327_A00748_0368_AH5CTMDSX5_fastq/07_V_23_S7_L004_R2_001.fastq.gz	ceeb2b8371ed55c40f9d6a1489b4269c
/nfs/dri/02/rdsmbh/shared/rdsmbh/230327_A00748_0368_AH5CTMDSX5_fastq/08_V_24_S8_L001_I1_001.fastq.gz	483ebd32133d02337c493cb771dda7de
/nfs/dri/02/rdsmbh/shared/rdsmbh/230327_A00748_0368_AH5CTMDSX5_fastq/08_V_24_S8_L001_I2_001.fastq.gz	ae7072b69a93888056a5b6037da3f873
/nfs/dri/02/rdsmbh/shared/rdsmbh/230327_A00748_0368_AH5CTMDSX5_fastq/08_V_24_S8_L001_R1_001.fastq.gz	adc2495181c149a67e739e34e5dc3f41
/nfs/dri/02/rdsmbh/shared/rdsmbh/230327_A00748_0368_AH5CTMDSX5_fastq/08_V_24_S8_L001_R2_001.fastq.gz	631d5238a4b8ef2c9577c44945a1f119
/nfs/dri/02/rdsmbh/shared/rdsmbh/230327_A00748_0368_AH5CTMDSX5_fastq/08_V_24_S8_L002_I1_001.fastq.gz	8860fd21b9c0ffcce990fb85c298104c
/nfs/dri/02/rdsmbh/shared/rdsmbh/230327_A00748_0368_AH5CTMDSX5_fastq/08_V_24_S8_L002_I2_001.fastq.gz	7be8e1e9d18db4c19f6f0057878fe097
/nfs/dri/02/rdsmbh/shared/rdsmbh/230327_A00748_0368_AH5CTMDSX5_fastq/08_V_24_S8_L002_R1_001.fastq.gz	0ffa815674257e809b30b048a58d0ade
/nfs/dri/02/rdsmbh/shared/rdsmbh/230327_A00748_0368_AH5CTMDSX5_fastq/08_V_24_S8_L002_R2_001.fastq.gz	e0df7d5a6b1507b7574c600b67f53aa7
/nfs/dri/02/rdsmbh/shared/rdsmbh/230327_A00748_0368_AH5CTMDSX5_fastq/08_V_24_S8_L003_I1_001.fastq.gz	3c89f04fb91b48deaf077047614ace0c
/nfs/dri/02/rdsmbh/shared/rdsmbh/230327_A00748_0368_AH5CTMDSX5_fastq/08_V_24_S8_L003_I2_001.fastq.gz	a8eaabe134d64826ef5ee5bb7f10fb7a
/nfs/dri/02/rdsmbh/shared/rdsmbh/230327_A00748_0368_AH5CTMDSX5_fastq/08_V_24_S8_L003_R1_001.fastq.gz	509a63f48bb10e048234f70cae9f54d7
/nfs/dri/02/rdsmbh/shared/rdsmbh/230327_A00748_0368_AH5CTMDSX5_fastq/08_V_24_S8_L003_R2_001.fastq.gz	02c97fbb9c74d059e94590b357979e4a
/nfs/dri/02/rdsmbh/shared/rdsmbh/230327_A00748_0368_AH5CTMDSX5_fastq/08_V_24_S8_L004_I1_001.fastq.gz	4dd349d166f32f7e257d553ac5c84bb8
/nfs/dri/02/rdsmbh/shared/rdsmbh/230327_A00748_0368_AH5CTMDSX5_fastq/08_V_24_S8_L004_I2_001.fastq.gz	53e4a738c3b63db64c1c00e176490289
/nfs/dri/02/rdsmbh/shared/rdsmbh/230327_A00748_0368_AH5CTMDSX5_fastq/08_V_24_S8_L004_R1_001.fastq.gz	29c098520f97f45616e9f52402835f10
/nfs/dri/02/rdsmbh/shared/rdsmbh/230327_A00748_0368_AH5CTMDSX5_fastq/08_V_24_S8_L004_R2_001.fastq.gz	b672222a3074d6a2519fa954cf6e70aa
/nfs/dri/02/rdsmbh/shared/rdsmbh/230327_A00748_0368_AH5CTMDSX5_fastq/09_P_25_S9_L001_I1_001.fastq.gz	78cacd59b51db0a1267756e4d048ae52
/nfs/dri/02/rdsmbh/shared/rdsmbh/230327_A00748_0368_AH5CTMDSX5_fastq/09_P_25_S9_L001_I2_001.fastq.gz	5c74abd48b397bab3fbc5a0a6e1fda03
/nfs/dri/02/rdsmbh/shared/rdsmbh/230327_A00748_0368_AH5CTMDSX5_fastq/09_P_25_S9_L001_R1_001.fastq.gz	113c0dd46e2e78d33578ac725ef78227
/nfs/dri/02/rdsmbh/shared/rdsmbh/230327_A00748_0368_AH5CTMDSX5_fastq/09_P_25_S9_L001_R2_001.fastq.gz	fd7d63ea20319e38450d76831aee2caf
/nfs/dri/02/rdsmbh/shared/rdsmbh/230327_A00748_0368_AH5CTMDSX5_fastq/09_P_25_S9_L002_I1_001.fastq.gz	f40dd8fdb4c1bd1fcd47d04de38a1933
/nfs/dri/02/rdsmbh/shared/rdsmbh/230327_A00748_0368_AH5CTMDSX5_fastq/09_P_25_S9_L002_I2_001.fastq.gz	0a37b5194215db77cc3d6a64c8b5a586
/nfs/dri/02/rdsmbh/shared/rdsmbh/230327_A00748_0368_AH5CTMDSX5_fastq/09_P_25_S9_L002_R1_001.fastq.gz	0d402fadb1520221c0842ae39ad0fe47
/nfs/dri/02/rdsmbh/shared/rdsmbh/230327_A00748_0368_AH5CTMDSX5_fastq/09_P_25_S9_L002_R2_001.fastq.gz	d7bec462faf78faf68429fc201c02b0f
/nfs/dri/02/rdsmbh/shared/rdsmbh/230327_A00748_0368_AH5CTMDSX5_fastq/09_P_25_S9_L003_I1_001.fastq.gz	cca8e69bdaef8e3745aef302779f44b8
/nfs/dri/02/rdsmbh/shared/rdsmbh/230327_A00748_0368_AH5CTMDSX5_fastq/09_P_25_S9_L003_I2_001.fastq.gz	71c227ca018b3bad8e150281478ee66c
/nfs/dri/02/rdsmbh/shared/rdsmbh/230327_A00748_0368_AH5CTMDSX5_fastq/09_P_25_S9_L003_R1_001.fastq.gz	c8bf56cd360a89d31026d1ec9c605fcb
/nfs/dri/02/rdsmbh/shared/rdsmbh/230327_A00748_0368_AH5CTMDSX5_fastq/09_P_25_S9_L003_R2_001.fastq.gz	987fce885550514c65c398916cbcd861
/nfs/dri/02/rdsmbh/shared/rdsmbh/230327_A00748_0368_AH5CTMDSX5_fastq/09_P_25_S9_L004_I1_001.fastq.gz	29e8f38fb135458fd9b93b49dafe18e0
/nfs/dri/02/rdsmbh/shared/rdsmbh/230327_A00748_0368_AH5CTMDSX5_fastq/09_P_25_S9_L004_I2_001.fastq.gz	42ec677892e181fa7e14a0922e2cf4e8
/nfs/dri/02/rdsmbh/shared/rdsmbh/230327_A00748_0368_AH5CTMDSX5_fastq/09_P_25_S9_L004_R1_001.fastq.gz	aa62f9f12c8e32d7bdfb14be1020c3f1
/nfs/dri/02/rdsmbh/shared/rdsmbh/230327_A00748_0368_AH5CTMDSX5_fastq/09_P_25_S9_L004_R2_001.fastq.gz	8a71188a95dd6fee463dcdbd8cedcab2
/nfs/dri/02/rdsmbh/shared/rdsmbh/230327_A00748_0368_AH5CTMDSX5_fastq/10_P_26_S10_L001_I1_001.fastq.gz	04e7107ebf81422c3d37542862c6b308
/nfs/dri/02/rdsmbh/shared/rdsmbh/230327_A00748_0368_AH5CTMDSX5_fastq/10_P_26_S10_L001_I2_001.fastq.gz	8b2d1dacf5502d31bf416ba0d34bd4b4
/nfs/dri/02/rdsmbh/shared/rdsmbh/230327_A00748_0368_AH5CTMDSX5_fastq/10_P_26_S10_L001_R1_001.fastq.gz	12f7ba4ec0b93f602edb4f4b9c913a08
/nfs/dri/02/rdsmbh/shared/rdsmbh/230327_A00748_0368_AH5CTMDSX5_fastq/10_P_26_S10_L001_R2_001.fastq.gz	a93672b2c0f06e7826f9e700bd1f6b0c
/nfs/dri/02/rdsmbh/shared/rdsmbh/230327_A00748_0368_AH5CTMDSX5_fastq/10_P_26_S10_L002_I1_001.fastq.gz	b0cafc46c6ff6cc89aef49b517649c0f
/nfs/dri/02/rdsmbh/shared/rdsmbh/230327_A00748_0368_AH5CTMDSX5_fastq/10_P_26_S10_L002_I2_001.fastq.gz	47f5e984a2858ee8c5e52ff29cbfb618
/nfs/dri/02/rdsmbh/shared/rdsmbh/230327_A00748_0368_AH5CTMDSX5_fastq/10_P_26_S10_L002_R1_001.fastq.gz	1463295594a9e2edc459216b3a7235f3
/nfs/dri/02/rdsmbh/shared/rdsmbh/230327_A00748_0368_AH5CTMDSX5_fastq/10_P_26_S10_L002_R2_001.fastq.gz	b83e010b4d552553626ea01170e3a2c5
/nfs/dri/02/rdsmbh/shared/rdsmbh/230327_A00748_0368_AH5CTMDSX5_fastq/10_P_26_S10_L003_I1_001.fastq.gz	fa82a9d49cfcb6b0efd4a9dbde03c46c
/nfs/dri/02/rdsmbh/shared/rdsmbh/230327_A00748_0368_AH5CTMDSX5_fastq/10_P_26_S10_L003_I2_001.fastq.gz	78c1b0fde627031d71b33fc4fc146114
/nfs/dri/02/rdsmbh/shared/rdsmbh/230327_A00748_0368_AH5CTMDSX5_fastq/10_P_26_S10_L003_R1_001.fastq.gz	741e56ee65c714a259bd9089cfa1725f
/nfs/dri/02/rdsmbh/shared/rdsmbh/230327_A00748_0368_AH5CTMDSX5_fastq/10_P_26_S10_L003_R2_001.fastq.gz	5ea116f29bca7ae8559abc9da9e05e3b
/nfs/dri/02/rdsmbh/shared/rdsmbh/230327_A00748_0368_AH5CTMDSX5_fastq/10_P_26_S10_L004_I1_001.fastq.gz	b1a5e1e9c4375503ba37018fc53b56c7
/nfs/dri/02/rdsmbh/shared/rdsmbh/230327_A00748_0368_AH5CTMDSX5_fastq/10_P_26_S10_L004_I2_001.fastq.gz	7085bc96f919b0f3bc42401d2d905dc8
/nfs/dri/02/rdsmbh/shared/rdsmbh/230327_A00748_0368_AH5CTMDSX5_fastq/10_P_26_S10_L004_R1_001.fastq.gz	279845523013e808810045ad3bce1f37
/nfs/dri/02/rdsmbh/shared/rdsmbh/230327_A00748_0368_AH5CTMDSX5_fastq/10_P_26_S10_L004_R2_001.fastq.gz	f689fbc055e89205fc9d5c3ceeefa21f
/nfs/dri/02/rdsmbh/shared/rdsmbh/230327_A00748_0368_AH5CTMDSX5_fastq/11_V_25_S11_L001_I1_001.fastq.gz	57e808c102326780974a513ef5c0e366
/nfs/dri/02/rdsmbh/shared/rdsmbh/230327_A00748_0368_AH5CTMDSX5_fastq/11_V_25_S11_L001_I2_001.fastq.gz	4c495d13df5e4d677d66d0b8bdead925
/nfs/dri/02/rdsmbh/shared/rdsmbh/230327_A00748_0368_AH5CTMDSX5_fastq/11_V_25_S11_L001_R1_001.fastq.gz	a94d1c5801babb3b4d5d47a30a7f02ce
/nfs/dri/02/rdsmbh/shared/rdsmbh/230327_A00748_0368_AH5CTMDSX5_fastq/11_V_25_S11_L001_R2_001.fastq.gz	36fe9a8d95f9034fe62241165cd70462
/nfs/dri/02/rdsmbh/shared/rdsmbh/230327_A00748_0368_AH5CTMDSX5_fastq/11_V_25_S11_L002_I1_001.fastq.gz	5df3eaccb110ece64e35bff22cacf6e0
/nfs/dri/02/rdsmbh/shared/rdsmbh/230327_A00748_0368_AH5CTMDSX5_fastq/11_V_25_S11_L002_I2_001.fastq.gz	2cfcbb6343599576c96525b88b0692d9
/nfs/dri/02/rdsmbh/shared/rdsmbh/230327_A00748_0368_AH5CTMDSX5_fastq/11_V_25_S11_L002_R1_001.fastq.gz	66d8bc3ce1ff4b8620b6ca47cf399c69
/nfs/dri/02/rdsmbh/shared/rdsmbh/230327_A00748_0368_AH5CTMDSX5_fastq/11_V_25_S11_L002_R2_001.fastq.gz	c75a38a47efbb17444dfbb918179ca1a
/nfs/dri/02/rdsmbh/shared/rdsmbh/230327_A00748_0368_AH5CTMDSX5_fastq/11_V_25_S11_L003_I1_001.fastq.gz	39d86f4a71c01e8199d54fc9ec97ee76
/nfs/dri/02/rdsmbh/shared/rdsmbh/230327_A00748_0368_AH5CTMDSX5_fastq/11_V_25_S11_L003_I2_001.fastq.gz	a66857a662c890d7520908f130c50dff
/nfs/dri/02/rdsmbh/shared/rdsmbh/230327_A00748_0368_AH5CTMDSX5_fastq/11_V_25_S11_L003_R1_001.fastq.gz	c73fa462bedadbf08cd31f3946ae847d
/nfs/dri/02/rdsmbh/shared/rdsmbh/230327_A00748_0368_AH5CTMDSX5_fastq/11_V_25_S11_L003_R2_001.fastq.gz	d24c9b1dab6a051be5b9940e236c5c7a
/nfs/dri/02/rdsmbh/shared/rdsmbh/230327_A00748_0368_AH5CTMDSX5_fastq/11_V_25_S11_L004_I1_001.fastq.gz	7f1e5f2303a79535fdd32d8dcf7111c4
/nfs/dri/02/rdsmbh/shared/rdsmbh/230327_A00748_0368_AH5CTMDSX5_fastq/11_V_25_S11_L004_I2_001.fastq.gz	35f2b9819b564d17bdea4a259de0dfc5
/nfs/dri/02/rdsmbh/shared/rdsmbh/230327_A00748_0368_AH5CTMDSX5_fastq/11_V_25_S11_L004_R1_001.fastq.gz	b95f41b75bc54e2b023c09fe6833cef6
/nfs/dri/02/rdsmbh/shared/rdsmbh/230327_A00748_0368_AH5CTMDSX5_fastq/11_V_25_S11_L004_R2_001.fastq.gz	9c28e4412daeb04c99b2ed6373ecc40a
/nfs/dri/02/rdsmbh/shared/rdsmbh/230327_A00748_0368_AH5CTMDSX5_fastq/12_V_26_S12_L001_I1_001.fastq.gz	e8a08282017c89c0f6cb9c44dfc24bc0
/nfs/dri/02/rdsmbh/shared/rdsmbh/230327_A00748_0368_AH5CTMDSX5_fastq/12_V_26_S12_L001_I2_001.fastq.gz	470dc6065d666dca885549c6ea5a3eb8
/nfs/dri/02/rdsmbh/shared/rdsmbh/230327_A00748_0368_AH5CTMDSX5_fastq/12_V_26_S12_L001_R1_001.fastq.gz	635753bf8c8c73bb5bae7cb8036c8b9d
/nfs/dri/02/rdsmbh/shared/rdsmbh/230327_A00748_0368_AH5CTMDSX5_fastq/12_V_26_S12_L001_R2_001.fastq.gz	fe6b65b7d3518b9aa47a6baf0db5c185
/nfs/dri/02/rdsmbh/shared/rdsmbh/230327_A00748_0368_AH5CTMDSX5_fastq/12_V_26_S12_L002_I1_001.fastq.gz	733042b54dfb1c75c5b1d46b4a9401b0
/nfs/dri/02/rdsmbh/shared/rdsmbh/230327_A00748_0368_AH5CTMDSX5_fastq/12_V_26_S12_L002_I2_001.fastq.gz	55603994b40324d2a89eae77fb55208c
/nfs/dri/02/rdsmbh/shared/rdsmbh/230327_A00748_0368_AH5CTMDSX5_fastq/12_V_26_S12_L002_R1_001.fastq.gz	6d20403541745809c580428a821408d4
/nfs/dri/02/rdsmbh/shared/rdsmbh/230327_A00748_0368_AH5CTMDSX5_fastq/12_V_26_S12_L002_R2_001.fastq.gz	bf8f195543c02c28e6db5f426e158545
/nfs/dri/02/rdsmbh/shared/rdsmbh/230327_A00748_0368_AH5CTMDSX5_fastq/12_V_26_S12_L003_I1_001.fastq.gz	aed6f5a5d5c3dcae7454e1ce4c80f69f
/nfs/dri/02/rdsmbh/shared/rdsmbh/230327_A00748_0368_AH5CTMDSX5_fastq/12_V_26_S12_L003_I2_001.fastq.gz	dabfd019ca45012d64e6c36b773b0815
/nfs/dri/02/rdsmbh/shared/rdsmbh/230327_A00748_0368_AH5CTMDSX5_fastq/12_V_26_S12_L003_R1_001.fastq.gz	4af9e34a1dde854413f9c18884e4d994
/nfs/dri/02/rdsmbh/shared/rdsmbh/230327_A00748_0368_AH5CTMDSX5_fastq/12_V_26_S12_L003_R2_001.fastq.gz	9b305d0447af2694a3c2f0a28b39a425
/nfs/dri/02/rdsmbh/shared/rdsmbh/230327_A00748_0368_AH5CTMDSX5_fastq/12_V_26_S12_L004_I1_001.fastq.gz	81f38b2ca8d1808082fc3fc176d38c06
/nfs/dri/02/rdsmbh/shared/rdsmbh/230327_A00748_0368_AH5CTMDSX5_fastq/12_V_26_S12_L004_I2_001.fastq.gz	31d880166ec8ad8bb61c27a557227e98
/nfs/dri/02/rdsmbh/shared/rdsmbh/230327_A00748_0368_AH5CTMDSX5_fastq/12_V_26_S12_L004_R1_001.fastq.gz	852a9477e3d63ca77ee8669aa33ba1e7
/nfs/dri/02/rdsmbh/shared/rdsmbh/230327_A00748_0368_AH5CTMDSX5_fastq/12_V_26_S12_L004_R2_001.fastq.gz	dd8fb333777263eb549f0998adb08aa3
/nfs/dri/02/rdsmbh/shared/rdsmbh/230327_A00748_0368_AH5CTMDSX5_fastq/13_P_27_S13_L001_I1_001.fastq.gz	d95904c69128f54cdc1caa944886c3ef
/nfs/dri/02/rdsmbh/shared/rdsmbh/230327_A00748_0368_AH5CTMDSX5_fastq/13_P_27_S13_L001_I2_001.fastq.gz	b9c163fe2827e0abc6cdf0da70ee83e4
/nfs/dri/02/rdsmbh/shared/rdsmbh/230327_A00748_0368_AH5CTMDSX5_fastq/13_P_27_S13_L001_R1_001.fastq.gz	a15700d14b5f5bd3d6333670ac6f4c64
/nfs/dri/02/rdsmbh/shared/rdsmbh/230327_A00748_0368_AH5CTMDSX5_fastq/13_P_27_S13_L001_R2_001.fastq.gz	5dae3fbf9248cc05ece235a28db75d2a
/nfs/dri/02/rdsmbh/shared/rdsmbh/230327_A00748_0368_AH5CTMDSX5_fastq/13_P_27_S13_L002_I1_001.fastq.gz	7d4c676d15f3b54b330ea4d5e6225c95
/nfs/dri/02/rdsmbh/shared/rdsmbh/230327_A00748_0368_AH5CTMDSX5_fastq/13_P_27_S13_L002_I2_001.fastq.gz	f63be54eec06bcd67dad018a02211114
/nfs/dri/02/rdsmbh/shared/rdsmbh/230327_A00748_0368_AH5CTMDSX5_fastq/13_P_27_S13_L002_R1_001.fastq.gz	21f774a19c040e15e5efc8be79277e5c
/nfs/dri/02/rdsmbh/shared/rdsmbh/230327_A00748_0368_AH5CTMDSX5_fastq/13_P_27_S13_L002_R2_001.fastq.gz	168681b81b0a6e1af310395357e70f1e
/nfs/dri/02/rdsmbh/shared/rdsmbh/230327_A00748_0368_AH5CTMDSX5_fastq/13_P_27_S13_L003_I1_001.fastq.gz	c897f4037ed6b5f05bbdc1a3dfd19e28
/nfs/dri/02/rdsmbh/shared/rdsmbh/230327_A00748_0368_AH5CTMDSX5_fastq/13_P_27_S13_L003_I2_001.fastq.gz	bf5cfbc3076c0824de4c20ee4daa5552
/nfs/dri/02/rdsmbh/shared/rdsmbh/230327_A00748_0368_AH5CTMDSX5_fastq/13_P_27_S13_L003_R1_001.fastq.gz	20d7a007871a565969b1fff457da7a9a
/nfs/dri/02/rdsmbh/shared/rdsmbh/230327_A00748_0368_AH5CTMDSX5_fastq/13_P_27_S13_L003_R2_001.fastq.gz	d3d66cd095bda6c9239d77a5f79e4559
/nfs/dri/02/rdsmbh/shared/rdsmbh/230327_A00748_0368_AH5CTMDSX5_fastq/13_P_27_S13_L004_I1_001.fastq.gz	16f3c94eba472872478048635c6926d0
/nfs/dri/02/rdsmbh/shared/rdsmbh/230327_A00748_0368_AH5CTMDSX5_fastq/13_P_27_S13_L004_I2_001.fastq.gz	4463539dc352d05d4e9b043c38f901ee
/nfs/dri/02/rdsmbh/shared/rdsmbh/230327_A00748_0368_AH5CTMDSX5_fastq/13_P_27_S13_L004_R1_001.fastq.gz	66fbf04ef058a80a720074595ed0fff7
/nfs/dri/02/rdsmbh/shared/rdsmbh/230327_A00748_0368_AH5CTMDSX5_fastq/13_P_27_S13_L004_R2_001.fastq.gz	7470dcea855f3f22eb28b71133994bb5
/nfs/dri/02/rdsmbh/shared/rdsmbh/230327_A00748_0368_AH5CTMDSX5_fastq/14_P_28_S14_L001_I1_001.fastq.gz	5380c477794ff3335d8d7b776066961a
/nfs/dri/02/rdsmbh/shared/rdsmbh/230327_A00748_0368_AH5CTMDSX5_fastq/14_P_28_S14_L001_I2_001.fastq.gz	eb6a5e83cc8c129dc10a84cd5824bbeb
/nfs/dri/02/rdsmbh/shared/rdsmbh/230327_A00748_0368_AH5CTMDSX5_fastq/14_P_28_S14_L001_R1_001.fastq.gz	0b6674e73d034f3c753c3eafe7449bf4
/nfs/dri/02/rdsmbh/shared/rdsmbh/230327_A00748_0368_AH5CTMDSX5_fastq/14_P_28_S14_L001_R2_001.fastq.gz	f4a425c4a4e3f34268f71bd678746c20
/nfs/dri/02/rdsmbh/shared/rdsmbh/230327_A00748_0368_AH5CTMDSX5_fastq/14_P_28_S14_L002_I1_001.fastq.gz	d06f6a6359bab00a9bcd78cff3ba756a
/nfs/dri/02/rdsmbh/shared/rdsmbh/230327_A00748_0368_AH5CTMDSX5_fastq/14_P_28_S14_L002_I2_001.fastq.gz	e33f95e45c3f60d63ef4c21dd143bab7
/nfs/dri/02/rdsmbh/shared/rdsmbh/230327_A00748_0368_AH5CTMDSX5_fastq/14_P_28_S14_L002_R1_001.fastq.gz	7a40ea8ed7e069ba909bb426a03d4edd
/nfs/dri/02/rdsmbh/shared/rdsmbh/230327_A00748_0368_AH5CTMDSX5_fastq/14_P_28_S14_L002_R2_001.fastq.gz	696c12d4a434c9d216d1a19f268f8051
/nfs/dri/02/rdsmbh/shared/rdsmbh/230327_A00748_0368_AH5CTMDSX5_fastq/14_P_28_S14_L003_I1_001.fastq.gz	7dfc0ade90f0c88862cc7bfbbeb45cd5
/nfs/dri/02/rdsmbh/shared/rdsmbh/230327_A00748_0368_AH5CTMDSX5_fastq/14_P_28_S14_L003_I2_001.fastq.gz	f35f4de4214800d2b3170469f8f24e56
/nfs/dri/02/rdsmbh/shared/rdsmbh/230327_A00748_0368_AH5CTMDSX5_fastq/14_P_28_S14_L003_R1_001.fastq.gz	a46baa28bdf2eb79da59d73e4ddb0e7f
/nfs/dri/02/rdsmbh/shared/rdsmbh/230327_A00748_0368_AH5CTMDSX5_fastq/14_P_28_S14_L003_R2_001.fastq.gz	7741e4425e77f529042f6d9e2f91b3a9
/nfs/dri/02/rdsmbh/shared/rdsmbh/230327_A00748_0368_AH5CTMDSX5_fastq/14_P_28_S14_L004_I1_001.fastq.gz	ab54ccac8dd9a9894a8a42348ab74564
/nfs/dri/02/rdsmbh/shared/rdsmbh/230327_A00748_0368_AH5CTMDSX5_fastq/14_P_28_S14_L004_I2_001.fastq.gz	a469a1027beb50cc7c7177909ddde6fb
/nfs/dri/02/rdsmbh/shared/rdsmbh/230327_A00748_0368_AH5CTMDSX5_fastq/14_P_28_S14_L004_R1_001.fastq.gz	eccf65a84c0eb101ba23d1cc696f9ccd
/nfs/dri/02/rdsmbh/shared/rdsmbh/230327_A00748_0368_AH5CTMDSX5_fastq/14_P_28_S14_L004_R2_001.fastq.gz	8ef3830c951bac1eba759687b59d8f0e
/nfs/dri/02/rdsmbh/shared/rdsmbh/230327_A00748_0368_AH5CTMDSX5_fastq/15_V_27_S15_L001_I1_001.fastq.gz	eb10d198632b307fb8a2e13584f7b36e
/nfs/dri/02/rdsmbh/shared/rdsmbh/230327_A00748_0368_AH5CTMDSX5_fastq/15_V_27_S15_L001_I2_001.fastq.gz	4e3e5aae22d3128d5adf2bd210c5cfa1
/nfs/dri/02/rdsmbh/shared/rdsmbh/230327_A00748_0368_AH5CTMDSX5_fastq/15_V_27_S15_L001_R1_001.fastq.gz	72b9028daf962620de8d02b161093f98
/nfs/dri/02/rdsmbh/shared/rdsmbh/230327_A00748_0368_AH5CTMDSX5_fastq/15_V_27_S15_L001_R2_001.fastq.gz	39394bac45556f377630117f6a8d1570
/nfs/dri/02/rdsmbh/shared/rdsmbh/230327_A00748_0368_AH5CTMDSX5_fastq/15_V_27_S15_L002_I1_001.fastq.gz	538dde56440a202a9873ba9eb4f14019
/nfs/dri/02/rdsmbh/shared/rdsmbh/230327_A00748_0368_AH5CTMDSX5_fastq/15_V_27_S15_L002_I2_001.fastq.gz	73d82fd35b7255d6c79230504da5b4cb
/nfs/dri/02/rdsmbh/shared/rdsmbh/230327_A00748_0368_AH5CTMDSX5_fastq/15_V_27_S15_L002_R1_001.fastq.gz	85e6816f750c183be17f9e133fde5805
/nfs/dri/02/rdsmbh/shared/rdsmbh/230327_A00748_0368_AH5CTMDSX5_fastq/15_V_27_S15_L002_R2_001.fastq.gz	605163329727e5a3ebefa63b1d3f3520
/nfs/dri/02/rdsmbh/shared/rdsmbh/230327_A00748_0368_AH5CTMDSX5_fastq/15_V_27_S15_L003_I1_001.fastq.gz	fb642491c630daa28c3d39b27f7534c6
/nfs/dri/02/rdsmbh/shared/rdsmbh/230327_A00748_0368_AH5CTMDSX5_fastq/15_V_27_S15_L003_I2_001.fastq.gz	d17859ccb7b7089488e8a15d1790ca93
/nfs/dri/02/rdsmbh/shared/rdsmbh/230327_A00748_0368_AH5CTMDSX5_fastq/15_V_27_S15_L003_R1_001.fastq.gz	28b94b98e06fe5966729cd05548e4bec
/nfs/dri/02/rdsmbh/shared/rdsmbh/230327_A00748_0368_AH5CTMDSX5_fastq/15_V_27_S15_L003_R2_001.fastq.gz	fa49dbed9b95e0300aa70c423aa8e3c6
/nfs/dri/02/rdsmbh/shared/rdsmbh/230327_A00748_0368_AH5CTMDSX5_fastq/15_V_27_S15_L004_I1_001.fastq.gz	3b9a347ad96a96f522fa66df9f097a10
/nfs/dri/02/rdsmbh/shared/rdsmbh/230327_A00748_0368_AH5CTMDSX5_fastq/15_V_27_S15_L004_I2_001.fastq.gz	bd58a207de5a6f8f983de98241c3a0ff
/nfs/dri/02/rdsmbh/shared/rdsmbh/230327_A00748_0368_AH5CTMDSX5_fastq/15_V_27_S15_L004_R1_001.fastq.gz	bd6bfd64220c0fab7a59d152e5c22ffd
/nfs/dri/02/rdsmbh/shared/rdsmbh/230327_A00748_0368_AH5CTMDSX5_fastq/15_V_27_S15_L004_R2_001.fastq.gz	c5e48e3969a6982c6988b1a810e2f0ea
/nfs/dri/02/rdsmbh/shared/rdsmbh/230327_A00748_0368_AH5CTMDSX5_fastq/16_V_28_S16_L001_I1_001.fastq.gz	3552997d37a510126ab3d568b0c6f360
/nfs/dri/02/rdsmbh/shared/rdsmbh/230327_A00748_0368_AH5CTMDSX5_fastq/16_V_28_S16_L001_I2_001.fastq.gz	802f75bef4d7c6f0e2f0a2145500910e
/nfs/dri/02/rdsmbh/shared/rdsmbh/230327_A00748_0368_AH5CTMDSX5_fastq/16_V_28_S16_L001_R1_001.fastq.gz	fa8e18dd02d5c4fe30062b8e96028244
/nfs/dri/02/rdsmbh/shared/rdsmbh/230327_A00748_0368_AH5CTMDSX5_fastq/16_V_28_S16_L001_R2_001.fastq.gz	3adcb30b99776ed064eb44234f4bc68b
/nfs/dri/02/rdsmbh/shared/rdsmbh/230327_A00748_0368_AH5CTMDSX5_fastq/16_V_28_S16_L002_I1_001.fastq.gz	8777547ab027d25ada172381875a0c7d
/nfs/dri/02/rdsmbh/shared/rdsmbh/230327_A00748_0368_AH5CTMDSX5_fastq/16_V_28_S16_L002_I2_001.fastq.gz	0e7317b531861926d12424eb850d085d
/nfs/dri/02/rdsmbh/shared/rdsmbh/230327_A00748_0368_AH5CTMDSX5_fastq/16_V_28_S16_L002_R1_001.fastq.gz	b2687f0e754743b9cb7f8c40e7b8f82c
/nfs/dri/02/rdsmbh/shared/rdsmbh/230327_A00748_0368_AH5CTMDSX5_fastq/16_V_28_S16_L002_R2_001.fastq.gz	abbd60d4059a8249e95521a81156fcd8
/nfs/dri/02/rdsmbh/shared/rdsmbh/230327_A00748_0368_AH5CTMDSX5_fastq/16_V_28_S16_L003_I1_001.fastq.gz	a3d566b74f811ed6f6fc6621a326a2fd
/nfs/dri/02/rdsmbh/shared/rdsmbh/230327_A00748_0368_AH5CTMDSX5_fastq/16_V_28_S16_L003_I2_001.fastq.gz	a8dedb9a9ab42020004df14d9b78af42
/nfs/dri/02/rdsmbh/shared/rdsmbh/230327_A00748_0368_AH5CTMDSX5_fastq/16_V_28_S16_L003_R1_001.fastq.gz	5d75ee0045c6e4d3dc9158d0ce3447ff
/nfs/dri/02/rdsmbh/shared/rdsmbh/230327_A00748_0368_AH5CTMDSX5_fastq/16_V_28_S16_L003_R2_001.fastq.gz	6553bd6c6ac76acf43541a1d4122ae4f
/nfs/dri/02/rdsmbh/shared/rdsmbh/230327_A00748_0368_AH5CTMDSX5_fastq/16_V_28_S16_L004_I1_001.fastq.gz	c09555ded147af4e1ac5cd36421c7a75
/nfs/dri/02/rdsmbh/shared/rdsmbh/230327_A00748_0368_AH5CTMDSX5_fastq/16_V_28_S16_L004_I2_001.fastq.gz	0220e9e7257b9aa1e1a7af6fcd4f2c2b
/nfs/dri/02/rdsmbh/shared/rdsmbh/230327_A00748_0368_AH5CTMDSX5_fastq/16_V_28_S16_L004_R1_001.fastq.gz	395e7d50784d1c1ffd1ea79ca0070c27
/nfs/dri/02/rdsmbh/shared/rdsmbh/230327_A00748_0368_AH5CTMDSX5_fastq/16_V_28_S16_L004_R2_001.fastq.gz	d1fc8d2cde4904b26ecf8f55e2be8706
/nfs/dri/02/rdsmbh/shared/rdsmbh/230327_A00748_0368_AH5CTMDSX5_fastq/17_P_29_S17_L001_I1_001.fastq.gz	017df23fbd017cbb6868e1c537310352
/nfs/dri/02/rdsmbh/shared/rdsmbh/230327_A00748_0368_AH5CTMDSX5_fastq/17_P_29_S17_L001_I2_001.fastq.gz	4053d23a4a73c27998c3b7b61b4522d6
/nfs/dri/02/rdsmbh/shared/rdsmbh/230327_A00748_0368_AH5CTMDSX5_fastq/17_P_29_S17_L001_R1_001.fastq.gz	09dc09b6e1b19485eae7765e00f2b96d
/nfs/dri/02/rdsmbh/shared/rdsmbh/230327_A00748_0368_AH5CTMDSX5_fastq/17_P_29_S17_L001_R2_001.fastq.gz	dd0ea19311cb7b680bf112048a3a3b5e
/nfs/dri/02/rdsmbh/shared/rdsmbh/230327_A00748_0368_AH5CTMDSX5_fastq/17_P_29_S17_L002_I1_001.fastq.gz	c7252b0fb8e78374a2881348598c1068
/nfs/dri/02/rdsmbh/shared/rdsmbh/230327_A00748_0368_AH5CTMDSX5_fastq/17_P_29_S17_L002_I2_001.fastq.gz	15101ebe5b985f8dd2e4dab20fb7a836
/nfs/dri/02/rdsmbh/shared/rdsmbh/230327_A00748_0368_AH5CTMDSX5_fastq/17_P_29_S17_L002_R1_001.fastq.gz	9b1ad349f29d353cb7427ef03d3365fd
/nfs/dri/02/rdsmbh/shared/rdsmbh/230327_A00748_0368_AH5CTMDSX5_fastq/17_P_29_S17_L002_R2_001.fastq.gz	8ca07f6d7178c40a33fa21aab0934750
/nfs/dri/02/rdsmbh/shared/rdsmbh/230327_A00748_0368_AH5CTMDSX5_fastq/17_P_29_S17_L003_I1_001.fastq.gz	a64b27b76697eb7506e3d82ac2b39136
/nfs/dri/02/rdsmbh/shared/rdsmbh/230327_A00748_0368_AH5CTMDSX5_fastq/17_P_29_S17_L003_I2_001.fastq.gz	26907e84ebd410ea6259e2a90b0c4d6f
/nfs/dri/02/rdsmbh/shared/rdsmbh/230327_A00748_0368_AH5CTMDSX5_fastq/17_P_29_S17_L003_R1_001.fastq.gz	d7e8796f89a9e725cbdf9af4b0e58d07
/nfs/dri/02/rdsmbh/shared/rdsmbh/230327_A00748_0368_AH5CTMDSX5_fastq/17_P_29_S17_L003_R2_001.fastq.gz	dcac7642470078ba6cabe3c59f7e3f35
/nfs/dri/02/rdsmbh/shared/rdsmbh/230327_A00748_0368_AH5CTMDSX5_fastq/17_P_29_S17_L004_I1_001.fastq.gz	8200c8f167b8efbaa6ec3d41e70de2fd
/nfs/dri/02/rdsmbh/shared/rdsmbh/230327_A00748_0368_AH5CTMDSX5_fastq/17_P_29_S17_L004_I2_001.fastq.gz	2e62ef841060900c59c10d24f5298fbe
/nfs/dri/02/rdsmbh/shared/rdsmbh/230327_A00748_0368_AH5CTMDSX5_fastq/17_P_29_S17_L004_R1_001.fastq.gz	d025bb4059d8024b5e039f2c9eac3476
/nfs/dri/02/rdsmbh/shared/rdsmbh/230327_A00748_0368_AH5CTMDSX5_fastq/17_P_29_S17_L004_R2_001.fastq.gz	e8ab87c46d4e09944a1085ae3e7c809b
/nfs/dri/02/rdsmbh/shared/rdsmbh/230327_A00748_0368_AH5CTMDSX5_fastq/18_P_30_S18_L001_I1_001.fastq.gz	0ddff7a03915a10d190dbea5c7c409ce
/nfs/dri/02/rdsmbh/shared/rdsmbh/230327_A00748_0368_AH5CTMDSX5_fastq/18_P_30_S18_L001_I2_001.fastq.gz	8c1f073abd0d49f7de49ffc9eb550107
/nfs/dri/02/rdsmbh/shared/rdsmbh/230327_A00748_0368_AH5CTMDSX5_fastq/18_P_30_S18_L001_R1_001.fastq.gz	57b7fdbdfc0b8f19e37b2c16c831edab
/nfs/dri/02/rdsmbh/shared/rdsmbh/230327_A00748_0368_AH5CTMDSX5_fastq/18_P_30_S18_L001_R2_001.fastq.gz	091d0c0c22eddd6403e0cab910c9840d
/nfs/dri/02/rdsmbh/shared/rdsmbh/230327_A00748_0368_AH5CTMDSX5_fastq/18_P_30_S18_L002_I1_001.fastq.gz	b8441d95ad846da68a7928b7eee5e843
/nfs/dri/02/rdsmbh/shared/rdsmbh/230327_A00748_0368_AH5CTMDSX5_fastq/18_P_30_S18_L002_I2_001.fastq.gz	62b42e0b4a49237ab19df768e0227379
/nfs/dri/02/rdsmbh/shared/rdsmbh/230327_A00748_0368_AH5CTMDSX5_fastq/18_P_30_S18_L002_R1_001.fastq.gz	04ea1df08f06f0f1a5cdc95f5987b318
/nfs/dri/02/rdsmbh/shared/rdsmbh/230327_A00748_0368_AH5CTMDSX5_fastq/18_P_30_S18_L002_R2_001.fastq.gz	16d53b85353ee5e5f31ab56d32536301
/nfs/dri/02/rdsmbh/shared/rdsmbh/230327_A00748_0368_AH5CTMDSX5_fastq/18_P_30_S18_L003_I1_001.fastq.gz	9021e04399f87972950368d8933b1b86
/nfs/dri/02/rdsmbh/shared/rdsmbh/230327_A00748_0368_AH5CTMDSX5_fastq/18_P_30_S18_L003_I2_001.fastq.gz	986580f1487f67ea7cecd0f10a30a226
/nfs/dri/02/rdsmbh/shared/rdsmbh/230327_A00748_0368_AH5CTMDSX5_fastq/18_P_30_S18_L003_R1_001.fastq.gz	7e4a5c6be86b54297eb8385d3bdb467a
/nfs/dri/02/rdsmbh/shared/rdsmbh/230327_A00748_0368_AH5CTMDSX5_fastq/18_P_30_S18_L003_R2_001.fastq.gz	e7ace313a50059a5ac930e6b419ebf6c
/nfs/dri/02/rdsmbh/shared/rdsmbh/230327_A00748_0368_AH5CTMDSX5_fastq/18_P_30_S18_L004_I1_001.fastq.gz	452e3dd22923c1f9796559d94c302d6f
/nfs/dri/02/rdsmbh/shared/rdsmbh/230327_A00748_0368_AH5CTMDSX5_fastq/18_P_30_S18_L004_I2_001.fastq.gz	79f2ec787a360a9fe2425d371c471af5
/nfs/dri/02/rdsmbh/shared/rdsmbh/230327_A00748_0368_AH5CTMDSX5_fastq/18_P_30_S18_L004_R1_001.fastq.gz	456bd08a8d1b4215df92066dfaf2b13b
/nfs/dri/02/rdsmbh/shared/rdsmbh/230327_A00748_0368_AH5CTMDSX5_fastq/18_P_30_S18_L004_R2_001.fastq.gz	75620a8c972f206f5920be86630a19f8
/nfs/dri/02/rdsmbh/shared/rdsmbh/230327_A00748_0368_AH5CTMDSX5_fastq/19_V_29_S19_L001_I1_001.fastq.gz	d0ab7717036b7a8ff5455a928445785b
/nfs/dri/02/rdsmbh/shared/rdsmbh/230327_A00748_0368_AH5CTMDSX5_fastq/19_V_29_S19_L001_I2_001.fastq.gz	baf9ac2cabef926d629e366782669c42
/nfs/dri/02/rdsmbh/shared/rdsmbh/230327_A00748_0368_AH5CTMDSX5_fastq/19_V_29_S19_L001_R1_001.fastq.gz	0e8d7649ea0f559fb6060cba1b3558f4
/nfs/dri/02/rdsmbh/shared/rdsmbh/230327_A00748_0368_AH5CTMDSX5_fastq/19_V_29_S19_L001_R2_001.fastq.gz	acf15d1dc6e3900d7aa07d2e0506c846
/nfs/dri/02/rdsmbh/shared/rdsmbh/230327_A00748_0368_AH5CTMDSX5_fastq/19_V_29_S19_L002_I1_001.fastq.gz	5c71edc384135baffdabf06fc3f48e1e
/nfs/dri/02/rdsmbh/shared/rdsmbh/230327_A00748_0368_AH5CTMDSX5_fastq/19_V_29_S19_L002_I2_001.fastq.gz	cbef865c1d4c9c7887f90fe8fdaa5a74
/nfs/dri/02/rdsmbh/shared/rdsmbh/230327_A00748_0368_AH5CTMDSX5_fastq/19_V_29_S19_L002_R1_001.fastq.gz	51e0d55a96aa7fd1f7198d5478ea6882
/nfs/dri/02/rdsmbh/shared/rdsmbh/230327_A00748_0368_AH5CTMDSX5_fastq/19_V_29_S19_L002_R2_001.fastq.gz	52c2d002dfd1e9f573641e00c7e50850
/nfs/dri/02/rdsmbh/shared/rdsmbh/230327_A00748_0368_AH5CTMDSX5_fastq/19_V_29_S19_L003_I1_001.fastq.gz	c662ba14775f3605d49bc84e01c3f4c4
/nfs/dri/02/rdsmbh/shared/rdsmbh/230327_A00748_0368_AH5CTMDSX5_fastq/19_V_29_S19_L003_I2_001.fastq.gz	279a4034e234463f36a95cc2b7d05b39
/nfs/dri/02/rdsmbh/shared/rdsmbh/230327_A00748_0368_AH5CTMDSX5_fastq/19_V_29_S19_L003_R1_001.fastq.gz	df1f64381a5a8618e2a0d12ecc9b9b0d
/nfs/dri/02/rdsmbh/shared/rdsmbh/230327_A00748_0368_AH5CTMDSX5_fastq/19_V_29_S19_L003_R2_001.fastq.gz	423d64a29474ed12f255787567eb88e8
/nfs/dri/02/rdsmbh/shared/rdsmbh/230327_A00748_0368_AH5CTMDSX5_fastq/19_V_29_S19_L004_I1_001.fastq.gz	23311caebaba590e0f859dcb06c60c20
/nfs/dri/02/rdsmbh/shared/rdsmbh/230327_A00748_0368_AH5CTMDSX5_fastq/19_V_29_S19_L004_I2_001.fastq.gz	afc0bac32e0271db5388c431400990f3
/nfs/dri/02/rdsmbh/shared/rdsmbh/230327_A00748_0368_AH5CTMDSX5_fastq/19_V_29_S19_L004_R1_001.fastq.gz	ef35e67d725dcbe3435fc57a14306c9a
/nfs/dri/02/rdsmbh/shared/rdsmbh/230327_A00748_0368_AH5CTMDSX5_fastq/19_V_29_S19_L004_R2_001.fastq.gz	451df636c06b2ad5e713dbe33ea8c1e3
/nfs/dri/02/rdsmbh/shared/rdsmbh/230327_A00748_0368_AH5CTMDSX5_fastq/20_V_30_S20_L001_I1_001.fastq.gz	69fd3bd69807ffcf2c46da1242fc94f4
/nfs/dri/02/rdsmbh/shared/rdsmbh/230327_A00748_0368_AH5CTMDSX5_fastq/20_V_30_S20_L001_I2_001.fastq.gz	df4851fba4a667dcb5d21da9702f5b0a
/nfs/dri/02/rdsmbh/shared/rdsmbh/230327_A00748_0368_AH5CTMDSX5_fastq/20_V_30_S20_L001_R1_001.fastq.gz	829a3069607fac4bb76baab266ea585a
/nfs/dri/02/rdsmbh/shared/rdsmbh/230327_A00748_0368_AH5CTMDSX5_fastq/20_V_30_S20_L001_R2_001.fastq.gz	4d4b0310c30858c0da9e28ffd34eb80c
/nfs/dri/02/rdsmbh/shared/rdsmbh/230327_A00748_0368_AH5CTMDSX5_fastq/20_V_30_S20_L002_I1_001.fastq.gz	f370fff050232c838e1ed0ed614d2805
/nfs/dri/02/rdsmbh/shared/rdsmbh/230327_A00748_0368_AH5CTMDSX5_fastq/20_V_30_S20_L002_I2_001.fastq.gz	75856e254d3d04b2b9cbeb7ce457bf81
/nfs/dri/02/rdsmbh/shared/rdsmbh/230327_A00748_0368_AH5CTMDSX5_fastq/20_V_30_S20_L002_R1_001.fastq.gz	46f0fab49749ed4e60dee9bc7f4791bb
/nfs/dri/02/rdsmbh/shared/rdsmbh/230327_A00748_0368_AH5CTMDSX5_fastq/20_V_30_S20_L002_R2_001.fastq.gz	dd088e4027f6971cf2c0c6d15d2e0c64
/nfs/dri/02/rdsmbh/shared/rdsmbh/230327_A00748_0368_AH5CTMDSX5_fastq/20_V_30_S20_L003_I1_001.fastq.gz	eeaf52047c9e06c2ffe4ef106883ef8b
/nfs/dri/02/rdsmbh/shared/rdsmbh/230327_A00748_0368_AH5CTMDSX5_fastq/20_V_30_S20_L003_I2_001.fastq.gz	8d953a69b542a78e7622f5398af70756
/nfs/dri/02/rdsmbh/shared/rdsmbh/230327_A00748_0368_AH5CTMDSX5_fastq/20_V_30_S20_L003_R1_001.fastq.gz	3a25026108e0a9a30c214a00048c8423
/nfs/dri/02/rdsmbh/shared/rdsmbh/230327_A00748_0368_AH5CTMDSX5_fastq/20_V_30_S20_L003_R2_001.fastq.gz	4e0fa435e21582512d65ccc6539fb4a0
/nfs/dri/02/rdsmbh/shared/rdsmbh/230327_A00748_0368_AH5CTMDSX5_fastq/20_V_30_S20_L004_I1_001.fastq.gz	64ef1f7c0a692e2dc75712661111a610
/nfs/dri/02/rdsmbh/shared/rdsmbh/230327_A00748_0368_AH5CTMDSX5_fastq/20_V_30_S20_L004_I2_001.fastq.gz	d1c2c1758d9f0b48f33f8480b1df8069
/nfs/dri/02/rdsmbh/shared/rdsmbh/230327_A00748_0368_AH5CTMDSX5_fastq/20_V_30_S20_L004_R1_001.fastq.gz	d4d08edb365e96e9da506dd84bd13b57
/nfs/dri/02/rdsmbh/shared/rdsmbh/230327_A00748_0368_AH5CTMDSX5_fastq/20_V_30_S20_L004_R2_001.fastq.gz	16a2204c022d495f43d1fedbfb7db04c
/nfs/dri/02/rdsmbh/shared/rdsmbh/230327_A00748_0368_AH5CTMDSX5_fastq/21_P_31_S21_L001_I1_001.fastq.gz	4ff2b1e3d53282a178f9a2d524f847eb
/nfs/dri/02/rdsmbh/shared/rdsmbh/230327_A00748_0368_AH5CTMDSX5_fastq/21_P_31_S21_L001_I2_001.fastq.gz	f665c96f3a2d058bc706e65340b22fe9
/nfs/dri/02/rdsmbh/shared/rdsmbh/230327_A00748_0368_AH5CTMDSX5_fastq/21_P_31_S21_L001_R1_001.fastq.gz	397cde673428c74c8154965cf9c30f23
/nfs/dri/02/rdsmbh/shared/rdsmbh/230327_A00748_0368_AH5CTMDSX5_fastq/21_P_31_S21_L001_R2_001.fastq.gz	f12df6194a889103a3eb8238d8c428d5
/nfs/dri/02/rdsmbh/shared/rdsmbh/230327_A00748_0368_AH5CTMDSX5_fastq/21_P_31_S21_L002_I1_001.fastq.gz	0302ad8f6dfff8bf711f9a887a8aa42a
/nfs/dri/02/rdsmbh/shared/rdsmbh/230327_A00748_0368_AH5CTMDSX5_fastq/21_P_31_S21_L002_I2_001.fastq.gz	5dbc6c82231d0dcec5d629446ee0b224
/nfs/dri/02/rdsmbh/shared/rdsmbh/230327_A00748_0368_AH5CTMDSX5_fastq/21_P_31_S21_L002_R1_001.fastq.gz	b9b245db13688e372aa07a87bb0ea596
/nfs/dri/02/rdsmbh/shared/rdsmbh/230327_A00748_0368_AH5CTMDSX5_fastq/21_P_31_S21_L002_R2_001.fastq.gz	8fc9d6eebaec8f0ffe804cfc52dbc6ae
/nfs/dri/02/rdsmbh/shared/rdsmbh/230327_A00748_0368_AH5CTMDSX5_fastq/21_P_31_S21_L003_I1_001.fastq.gz	5be71a49cbbd935eca9f059cdc6c9ab3
/nfs/dri/02/rdsmbh/shared/rdsmbh/230327_A00748_0368_AH5CTMDSX5_fastq/21_P_31_S21_L003_I2_001.fastq.gz	f495655255053d8883052c38569b4903
/nfs/dri/02/rdsmbh/shared/rdsmbh/230327_A00748_0368_AH5CTMDSX5_fastq/21_P_31_S21_L003_R1_001.fastq.gz	849426ae8d717ed534c4845e3224eb53
/nfs/dri/02/rdsmbh/shared/rdsmbh/230327_A00748_0368_AH5CTMDSX5_fastq/21_P_31_S21_L003_R2_001.fastq.gz	df95f363e27085a0fd6393c02c45a10d
/nfs/dri/02/rdsmbh/shared/rdsmbh/230327_A00748_0368_AH5CTMDSX5_fastq/21_P_31_S21_L004_I1_001.fastq.gz	d3f9e938452fa82ae17f50ca68e72997
/nfs/dri/02/rdsmbh/shared/rdsmbh/230327_A00748_0368_AH5CTMDSX5_fastq/21_P_31_S21_L004_I2_001.fastq.gz	c5b94eeb3f2b44126c8cbb59f89bf078
/nfs/dri/02/rdsmbh/shared/rdsmbh/230327_A00748_0368_AH5CTMDSX5_fastq/21_P_31_S21_L004_R1_001.fastq.gz	3d5aa052971356fc6ea1e7f81cb924ad
/nfs/dri/02/rdsmbh/shared/rdsmbh/230327_A00748_0368_AH5CTMDSX5_fastq/21_P_31_S21_L004_R2_001.fastq.gz	a4f44be4ac88660076f5c554cf4bdd76
/nfs/dri/02/rdsmbh/shared/rdsmbh/230327_A00748_0368_AH5CTMDSX5_fastq/22_P_32_S22_L001_I1_001.fastq.gz	6fb7a3065481520d51657a1c52b00a74
/nfs/dri/02/rdsmbh/shared/rdsmbh/230327_A00748_0368_AH5CTMDSX5_fastq/22_P_32_S22_L001_I2_001.fastq.gz	acb53477a8b8e1c95342c29973cfd546
/nfs/dri/02/rdsmbh/shared/rdsmbh/230327_A00748_0368_AH5CTMDSX5_fastq/22_P_32_S22_L001_R1_001.fastq.gz	c40407ff714335fda0bf4e33a8e91e2e
/nfs/dri/02/rdsmbh/shared/rdsmbh/230327_A00748_0368_AH5CTMDSX5_fastq/22_P_32_S22_L001_R2_001.fastq.gz	842ddbde953ecabd71b2a75493b6b26c
/nfs/dri/02/rdsmbh/shared/rdsmbh/230327_A00748_0368_AH5CTMDSX5_fastq/22_P_32_S22_L002_I1_001.fastq.gz	ae98175bfa0c0a0dedbd1e368b29e826
/nfs/dri/02/rdsmbh/shared/rdsmbh/230327_A00748_0368_AH5CTMDSX5_fastq/22_P_32_S22_L002_I2_001.fastq.gz	455b6a9979472f1c2a2e2eeb24894aa3
/nfs/dri/02/rdsmbh/shared/rdsmbh/230327_A00748_0368_AH5CTMDSX5_fastq/22_P_32_S22_L002_R1_001.fastq.gz	2fb13dbfc187ef199fdfc81479052a2a
/nfs/dri/02/rdsmbh/shared/rdsmbh/230327_A00748_0368_AH5CTMDSX5_fastq/22_P_32_S22_L002_R2_001.fastq.gz	02e0085d6e8670946a968b85ef6516a8
/nfs/dri/02/rdsmbh/shared/rdsmbh/230327_A00748_0368_AH5CTMDSX5_fastq/22_P_32_S22_L003_I1_001.fastq.gz	928741e9f2a0033cd5e8057ac05ebc7f
/nfs/dri/02/rdsmbh/shared/rdsmbh/230327_A00748_0368_AH5CTMDSX5_fastq/22_P_32_S22_L003_I2_001.fastq.gz	cb83a373c1a08340c3297ec7827ed47d
/nfs/dri/02/rdsmbh/shared/rdsmbh/230327_A00748_0368_AH5CTMDSX5_fastq/22_P_32_S22_L003_R1_001.fastq.gz	88808c674420a5e30951487198ef8e51
/nfs/dri/02/rdsmbh/shared/rdsmbh/230327_A00748_0368_AH5CTMDSX5_fastq/22_P_32_S22_L003_R2_001.fastq.gz	9012854f58112d1c0c5d87751e0baedb
/nfs/dri/02/rdsmbh/shared/rdsmbh/230327_A00748_0368_AH5CTMDSX5_fastq/22_P_32_S22_L004_I1_001.fastq.gz	7e4dde43241babca3fd76ae924e3552f
/nfs/dri/02/rdsmbh/shared/rdsmbh/230327_A00748_0368_AH5CTMDSX5_fastq/22_P_32_S22_L004_I2_001.fastq.gz	fb1c03121590652fd2ef54f61c1c668b
/nfs/dri/02/rdsmbh/shared/rdsmbh/230327_A00748_0368_AH5CTMDSX5_fastq/22_P_32_S22_L004_R1_001.fastq.gz	c3dd6eb9af4eb590ce4065da7c5df957
/nfs/dri/02/rdsmbh/shared/rdsmbh/230327_A00748_0368_AH5CTMDSX5_fastq/22_P_32_S22_L004_R2_001.fastq.gz	24da3a1acd188cea8673656aecfd65b4
/nfs/dri/02/rdsmbh/shared/rdsmbh/230327_A00748_0368_AH5CTMDSX5_fastq/23_V_31_S23_L001_I1_001.fastq.gz	472fb8989feed456d0c4a0b5b11d1f5a
/nfs/dri/02/rdsmbh/shared/rdsmbh/230327_A00748_0368_AH5CTMDSX5_fastq/23_V_31_S23_L001_I2_001.fastq.gz	dec6113d3a122acd3120a4341772226d
/nfs/dri/02/rdsmbh/shared/rdsmbh/230327_A00748_0368_AH5CTMDSX5_fastq/23_V_31_S23_L001_R1_001.fastq.gz	d2846648305b6ec51a9088cd3a670f28
/nfs/dri/02/rdsmbh/shared/rdsmbh/230327_A00748_0368_AH5CTMDSX5_fastq/23_V_31_S23_L001_R2_001.fastq.gz	9e6687c0e17ec35543ff23f178c239ef
/nfs/dri/02/rdsmbh/shared/rdsmbh/230327_A00748_0368_AH5CTMDSX5_fastq/23_V_31_S23_L002_I1_001.fastq.gz	5228aaf59edeb1b562fd016162a374c9
/nfs/dri/02/rdsmbh/shared/rdsmbh/230327_A00748_0368_AH5CTMDSX5_fastq/23_V_31_S23_L002_I2_001.fastq.gz	cb7abfe0e206e415ec85199af8e40b76
/nfs/dri/02/rdsmbh/shared/rdsmbh/230327_A00748_0368_AH5CTMDSX5_fastq/23_V_31_S23_L002_R1_001.fastq.gz	fa0fff0c4bab73de2687ba891395dcd1
/nfs/dri/02/rdsmbh/shared/rdsmbh/230327_A00748_0368_AH5CTMDSX5_fastq/23_V_31_S23_L002_R2_001.fastq.gz	05a1ae65042aed686f65303952699251
/nfs/dri/02/rdsmbh/shared/rdsmbh/230327_A00748_0368_AH5CTMDSX5_fastq/23_V_31_S23_L003_I1_001.fastq.gz	521f5eee153388a27d25c2d9cb4e3dfd
/nfs/dri/02/rdsmbh/shared/rdsmbh/230327_A00748_0368_AH5CTMDSX5_fastq/23_V_31_S23_L003_I2_001.fastq.gz	79497bbd50c9b05941ab39e94601cbcb
/nfs/dri/02/rdsmbh/shared/rdsmbh/230327_A00748_0368_AH5CTMDSX5_fastq/23_V_31_S23_L003_R1_001.fastq.gz	2570e54ddc12f34fa88d05a7ddf2d9bf
/nfs/dri/02/rdsmbh/shared/rdsmbh/230327_A00748_0368_AH5CTMDSX5_fastq/23_V_31_S23_L003_R2_001.fastq.gz	d5fcd2b95503f3449a11400d0663b03e
/nfs/dri/02/rdsmbh/shared/rdsmbh/230327_A00748_0368_AH5CTMDSX5_fastq/23_V_31_S23_L004_I1_001.fastq.gz	564458a0c4d376d9772b4317a96db905
/nfs/dri/02/rdsmbh/shared/rdsmbh/230327_A00748_0368_AH5CTMDSX5_fastq/23_V_31_S23_L004_I2_001.fastq.gz	d6cd3522cdf0cecdec3f2e3ba8fbd5da
/nfs/dri/02/rdsmbh/shared/rdsmbh/230327_A00748_0368_AH5CTMDSX5_fastq/23_V_31_S23_L004_R1_001.fastq.gz	b90190a06d0d57846acaa7843de126c3
/nfs/dri/02/rdsmbh/shared/rdsmbh/230327_A00748_0368_AH5CTMDSX5_fastq/23_V_31_S23_L004_R2_001.fastq.gz	36aea28ecd9df8f103801ab44d1b3736
/nfs/dri/02/rdsmbh/shared/rdsmbh/230327_A00748_0368_AH5CTMDSX5_fastq/24_V_32_S24_L001_I1_001.fastq.gz	f9407da506b94c1f7ed98af6d1019b57
/nfs/dri/02/rdsmbh/shared/rdsmbh/230327_A00748_0368_AH5CTMDSX5_fastq/24_V_32_S24_L001_I2_001.fastq.gz	4122eaa8e232cba8e849f68e01953bc2
/nfs/dri/02/rdsmbh/shared/rdsmbh/230327_A00748_0368_AH5CTMDSX5_fastq/24_V_32_S24_L001_R1_001.fastq.gz	245881b60a14bbb00892cd6510856452
/nfs/dri/02/rdsmbh/shared/rdsmbh/230327_A00748_0368_AH5CTMDSX5_fastq/24_V_32_S24_L001_R2_001.fastq.gz	f193c6e2462428612d646a7896fcf218
/nfs/dri/02/rdsmbh/shared/rdsmbh/230327_A00748_0368_AH5CTMDSX5_fastq/24_V_32_S24_L002_I1_001.fastq.gz	ca6043a60d8c89880f4ca72cf29cef36
/nfs/dri/02/rdsmbh/shared/rdsmbh/230327_A00748_0368_AH5CTMDSX5_fastq/24_V_32_S24_L002_I2_001.fastq.gz	5037824287538f26947354a004a66dcf
/nfs/dri/02/rdsmbh/shared/rdsmbh/230327_A00748_0368_AH5CTMDSX5_fastq/24_V_32_S24_L002_R1_001.fastq.gz	8adf51f6313ef9aad1ad37b7eddeec53
/nfs/dri/02/rdsmbh/shared/rdsmbh/230327_A00748_0368_AH5CTMDSX5_fastq/24_V_32_S24_L002_R2_001.fastq.gz	d39147f536eeb39503891d05c9523d20
/nfs/dri/02/rdsmbh/shared/rdsmbh/230327_A00748_0368_AH5CTMDSX5_fastq/24_V_32_S24_L003_I1_001.fastq.gz	0add986848dd472c0fd20562c6ae64d0
/nfs/dri/02/rdsmbh/shared/rdsmbh/230327_A00748_0368_AH5CTMDSX5_fastq/24_V_32_S24_L003_I2_001.fastq.gz	36099bae0d290e358bea25e4bdc55206
/nfs/dri/02/rdsmbh/shared/rdsmbh/230327_A00748_0368_AH5CTMDSX5_fastq/24_V_32_S24_L003_R1_001.fastq.gz	2ce4e966ba0df8bbb4198d0b5ec07422
/nfs/dri/02/rdsmbh/shared/rdsmbh/230327_A00748_0368_AH5CTMDSX5_fastq/24_V_32_S24_L003_R2_001.fastq.gz	1f68d8546a7ed283241e3751bc867095
/nfs/dri/02/rdsmbh/shared/rdsmbh/230327_A00748_0368_AH5CTMDSX5_fastq/24_V_32_S24_L004_I1_001.fastq.gz	33d8a25114c56ccd0197821e1359cb37
/nfs/dri/02/rdsmbh/shared/rdsmbh/230327_A00748_0368_AH5CTMDSX5_fastq/24_V_32_S24_L004_I2_001.fastq.gz	26e7bc325d40b3393237f2e1a2b96949
/nfs/dri/02/rdsmbh/shared/rdsmbh/230327_A00748_0368_AH5CTMDSX5_fastq/24_V_32_S24_L004_R1_001.fastq.gz	4e6b6f8ab9dd6e5bf5322f2f44061bc6
/nfs/dri/02/rdsmbh/shared/rdsmbh/230327_A00748_0368_AH5CTMDSX5_fastq/24_V_32_S24_L004_R2_001.fastq.gz	ace14a0203a9293e0f9c3159cba8dac1
/nfs/dri/02/rdsmbh/shared/rdsmbh/230327_A00748_0368_AH5CTMDSX5_fastq/25_P_33_S25_L001_I1_001.fastq.gz	932e7fcd1e9c786b27964b691ca7b254
/nfs/dri/02/rdsmbh/shared/rdsmbh/230327_A00748_0368_AH5CTMDSX5_fastq/25_P_33_S25_L001_I2_001.fastq.gz	8698d352d80de7ff1bdd9d01d3b92dd9
/nfs/dri/02/rdsmbh/shared/rdsmbh/230327_A00748_0368_AH5CTMDSX5_fastq/25_P_33_S25_L001_R1_001.fastq.gz	59d56b23bcb73e93ca03d022278769f3
/nfs/dri/02/rdsmbh/shared/rdsmbh/230327_A00748_0368_AH5CTMDSX5_fastq/25_P_33_S25_L001_R2_001.fastq.gz	5521042d0be94284b113dd01b68f9539
/nfs/dri/02/rdsmbh/shared/rdsmbh/230327_A00748_0368_AH5CTMDSX5_fastq/25_P_33_S25_L002_I1_001.fastq.gz	484ab5aa4cbda075188f6bb34b8fb71c
/nfs/dri/02/rdsmbh/shared/rdsmbh/230327_A00748_0368_AH5CTMDSX5_fastq/25_P_33_S25_L002_I2_001.fastq.gz	a161d5d044c1233e2953182264eeb43f
/nfs/dri/02/rdsmbh/shared/rdsmbh/230327_A00748_0368_AH5CTMDSX5_fastq/25_P_33_S25_L002_R1_001.fastq.gz	48651120066612e3b9c01e8899f8fd1e
/nfs/dri/02/rdsmbh/shared/rdsmbh/230327_A00748_0368_AH5CTMDSX5_fastq/25_P_33_S25_L002_R2_001.fastq.gz	0fbaff8a22c021eca12867dae127c76b
/nfs/dri/02/rdsmbh/shared/rdsmbh/230327_A00748_0368_AH5CTMDSX5_fastq/25_P_33_S25_L003_I1_001.fastq.gz	42bb6fcc173e1ac221ef970b68d0c6ea
/nfs/dri/02/rdsmbh/shared/rdsmbh/230327_A00748_0368_AH5CTMDSX5_fastq/25_P_33_S25_L003_I2_001.fastq.gz	4e74b7a280fb5bde833a81f37007a553
/nfs/dri/02/rdsmbh/shared/rdsmbh/230327_A00748_0368_AH5CTMDSX5_fastq/25_P_33_S25_L003_R1_001.fastq.gz	2939a42a97778e81d821486608498a7a
/nfs/dri/02/rdsmbh/shared/rdsmbh/230327_A00748_0368_AH5CTMDSX5_fastq/25_P_33_S25_L003_R2_001.fastq.gz	491e10099414e203507dae17783b277c
/nfs/dri/02/rdsmbh/shared/rdsmbh/230327_A00748_0368_AH5CTMDSX5_fastq/25_P_33_S25_L004_I1_001.fastq.gz	80cf68594c60fb24c7134f401dc19d38
/nfs/dri/02/rdsmbh/shared/rdsmbh/230327_A00748_0368_AH5CTMDSX5_fastq/25_P_33_S25_L004_I2_001.fastq.gz	7fcab9dac43613800f71b2bf1f73fc05
/nfs/dri/02/rdsmbh/shared/rdsmbh/230327_A00748_0368_AH5CTMDSX5_fastq/25_P_33_S25_L004_R1_001.fastq.gz	253ae5132ab93849dd1f1e533b6c9bda
/nfs/dri/02/rdsmbh/shared/rdsmbh/230327_A00748_0368_AH5CTMDSX5_fastq/25_P_33_S25_L004_R2_001.fastq.gz	cd362427d3dd2abed364ab3974e112ba
/nfs/dri/02/rdsmbh/shared/rdsmbh/230327_A00748_0368_AH5CTMDSX5_fastq/26_P_34_S26_L001_I1_001.fastq.gz	7157ee93f2dac1667b3a8897a253eb73
/nfs/dri/02/rdsmbh/shared/rdsmbh/230327_A00748_0368_AH5CTMDSX5_fastq/26_P_34_S26_L001_I2_001.fastq.gz	9ce0d6418250edaeaba4f99822099e88
/nfs/dri/02/rdsmbh/shared/rdsmbh/230327_A00748_0368_AH5CTMDSX5_fastq/26_P_34_S26_L001_R1_001.fastq.gz	fba6cda5705fdb211cd24d1c4432f8f9
/nfs/dri/02/rdsmbh/shared/rdsmbh/230327_A00748_0368_AH5CTMDSX5_fastq/26_P_34_S26_L001_R2_001.fastq.gz	29ffe048f8c799684bafa901c1ffc637
/nfs/dri/02/rdsmbh/shared/rdsmbh/230327_A00748_0368_AH5CTMDSX5_fastq/26_P_34_S26_L002_I1_001.fastq.gz	3afa7d2d1d4b27204bb3277aac0778d5
/nfs/dri/02/rdsmbh/shared/rdsmbh/230327_A00748_0368_AH5CTMDSX5_fastq/26_P_34_S26_L002_I2_001.fastq.gz	73a6b0948b6205bdf17980912f8d2aba
/nfs/dri/02/rdsmbh/shared/rdsmbh/230327_A00748_0368_AH5CTMDSX5_fastq/26_P_34_S26_L002_R1_001.fastq.gz	d653b72aa9a7329e600284e4da1fdb0e
/nfs/dri/02/rdsmbh/shared/rdsmbh/230327_A00748_0368_AH5CTMDSX5_fastq/26_P_34_S26_L002_R2_001.fastq.gz	74fb2289a400d035dac8f1f3734081bb
/nfs/dri/02/rdsmbh/shared/rdsmbh/230327_A00748_0368_AH5CTMDSX5_fastq/26_P_34_S26_L003_I1_001.fastq.gz	02ed7a44a8f16f89bb2f18b479ba385d
/nfs/dri/02/rdsmbh/shared/rdsmbh/230327_A00748_0368_AH5CTMDSX5_fastq/26_P_34_S26_L003_I2_001.fastq.gz	58c8916e9de394437c372ccc94611558
/nfs/dri/02/rdsmbh/shared/rdsmbh/230327_A00748_0368_AH5CTMDSX5_fastq/26_P_34_S26_L003_R1_001.fastq.gz	33e163b8a4ec4e8f7a13fb2344c30ffb
/nfs/dri/02/rdsmbh/shared/rdsmbh/230327_A00748_0368_AH5CTMDSX5_fastq/26_P_34_S26_L003_R2_001.fastq.gz	fad4fa93dc8af03cbc5bae0526a551d0
/nfs/dri/02/rdsmbh/shared/rdsmbh/230327_A00748_0368_AH5CTMDSX5_fastq/26_P_34_S26_L004_I1_001.fastq.gz	ff800ff10063879870e9523ed4731211
/nfs/dri/02/rdsmbh/shared/rdsmbh/230327_A00748_0368_AH5CTMDSX5_fastq/26_P_34_S26_L004_I2_001.fastq.gz	4d50a33fafc9ba1dcbd6a357375e54ad
/nfs/dri/02/rdsmbh/shared/rdsmbh/230327_A00748_0368_AH5CTMDSX5_fastq/26_P_34_S26_L004_R1_001.fastq.gz	34a004fdd527a6799ca03cd253dc2de7
/nfs/dri/02/rdsmbh/shared/rdsmbh/230327_A00748_0368_AH5CTMDSX5_fastq/26_P_34_S26_L004_R2_001.fastq.gz	65e229ca83e5195d327c7d2d9cc1ecad
/nfs/dri/02/rdsmbh/shared/rdsmbh/230327_A00748_0368_AH5CTMDSX5_fastq/27_V_33_S27_L001_I1_001.fastq.gz	b40c74ab65a71166a9dbc1564bf05db8
/nfs/dri/02/rdsmbh/shared/rdsmbh/230327_A00748_0368_AH5CTMDSX5_fastq/27_V_33_S27_L001_I2_001.fastq.gz	f7563e063d5545ab18d30080d93a55bd
/nfs/dri/02/rdsmbh/shared/rdsmbh/230327_A00748_0368_AH5CTMDSX5_fastq/27_V_33_S27_L001_R1_001.fastq.gz	017f0f101595a98eb6c8fb0faa317596
/nfs/dri/02/rdsmbh/shared/rdsmbh/230327_A00748_0368_AH5CTMDSX5_fastq/27_V_33_S27_L001_R2_001.fastq.gz	d782b48a4c65ff2b5312bd43bdec08d8
/nfs/dri/02/rdsmbh/shared/rdsmbh/230327_A00748_0368_AH5CTMDSX5_fastq/27_V_33_S27_L002_I1_001.fastq.gz	db34a15479e932c40277190a0f935eff
/nfs/dri/02/rdsmbh/shared/rdsmbh/230327_A00748_0368_AH5CTMDSX5_fastq/27_V_33_S27_L002_I2_001.fastq.gz	334b0409475b5ea2c6cbaf6eadc79c41
/nfs/dri/02/rdsmbh/shared/rdsmbh/230327_A00748_0368_AH5CTMDSX5_fastq/27_V_33_S27_L002_R1_001.fastq.gz	d44627b5cf8b9c3aec82d067070b4a6b
/nfs/dri/02/rdsmbh/shared/rdsmbh/230327_A00748_0368_AH5CTMDSX5_fastq/27_V_33_S27_L002_R2_001.fastq.gz	70604f39839eb8a28e3030bc75ec6c19
/nfs/dri/02/rdsmbh/shared/rdsmbh/230327_A00748_0368_AH5CTMDSX5_fastq/27_V_33_S27_L003_I1_001.fastq.gz	961c2ec9d1239b17d115299d7241199d
/nfs/dri/02/rdsmbh/shared/rdsmbh/230327_A00748_0368_AH5CTMDSX5_fastq/27_V_33_S27_L003_I2_001.fastq.gz	ab2f280af46561148610b5d6a20fcf19
/nfs/dri/02/rdsmbh/shared/rdsmbh/230327_A00748_0368_AH5CTMDSX5_fastq/27_V_33_S27_L003_R1_001.fastq.gz	c7564d639655a4b1696a1773903d281e
/nfs/dri/02/rdsmbh/shared/rdsmbh/230327_A00748_0368_AH5CTMDSX5_fastq/27_V_33_S27_L003_R2_001.fastq.gz	499e1498108e35f99668c8c6f801be46
/nfs/dri/02/rdsmbh/shared/rdsmbh/230327_A00748_0368_AH5CTMDSX5_fastq/27_V_33_S27_L004_I1_001.fastq.gz	86812264430110cd6173d7505eadbf20
/nfs/dri/02/rdsmbh/shared/rdsmbh/230327_A00748_0368_AH5CTMDSX5_fastq/27_V_33_S27_L004_I2_001.fastq.gz	719bc05ac5455609c870fe1193ad100f
/nfs/dri/02/rdsmbh/shared/rdsmbh/230327_A00748_0368_AH5CTMDSX5_fastq/27_V_33_S27_L004_R1_001.fastq.gz	abdbabeb56d83de12fef4b7b9f3cea66
/nfs/dri/02/rdsmbh/shared/rdsmbh/230327_A00748_0368_AH5CTMDSX5_fastq/27_V_33_S27_L004_R2_001.fastq.gz	c3f1547561ced949df93610cf9db51d4
/nfs/dri/02/rdsmbh/shared/rdsmbh/230327_A00748_0368_AH5CTMDSX5_fastq/28_V_34_S28_L001_I1_001.fastq.gz	2cf2710e90c161c1ea563c416444617b
/nfs/dri/02/rdsmbh/shared/rdsmbh/230327_A00748_0368_AH5CTMDSX5_fastq/28_V_34_S28_L001_I2_001.fastq.gz	6a7f10ca50838f4ae75ca5c4859ca525
/nfs/dri/02/rdsmbh/shared/rdsmbh/230327_A00748_0368_AH5CTMDSX5_fastq/28_V_34_S28_L001_R1_001.fastq.gz	8548978a2777d9259232dbc8db258432
/nfs/dri/02/rdsmbh/shared/rdsmbh/230327_A00748_0368_AH5CTMDSX5_fastq/28_V_34_S28_L001_R2_001.fastq.gz	12e2279da5aa031d170ff512a179df2e
/nfs/dri/02/rdsmbh/shared/rdsmbh/230327_A00748_0368_AH5CTMDSX5_fastq/28_V_34_S28_L002_I1_001.fastq.gz	84e89f75b7a96381e05785199e856c63
/nfs/dri/02/rdsmbh/shared/rdsmbh/230327_A00748_0368_AH5CTMDSX5_fastq/28_V_34_S28_L002_I2_001.fastq.gz	e9800416806d6df9e6bdde684dbe3d5b
/nfs/dri/02/rdsmbh/shared/rdsmbh/230327_A00748_0368_AH5CTMDSX5_fastq/28_V_34_S28_L002_R1_001.fastq.gz	b04530474caff2e34d0b48435cbb7e76
/nfs/dri/02/rdsmbh/shared/rdsmbh/230327_A00748_0368_AH5CTMDSX5_fastq/28_V_34_S28_L002_R2_001.fastq.gz	fdc6f636c908ba77f73814eadc564083
/nfs/dri/02/rdsmbh/shared/rdsmbh/230327_A00748_0368_AH5CTMDSX5_fastq/28_V_34_S28_L003_I1_001.fastq.gz	2042d91c794fcc3c97e372e10ac74e8e
/nfs/dri/02/rdsmbh/shared/rdsmbh/230327_A00748_0368_AH5CTMDSX5_fastq/28_V_34_S28_L003_I2_001.fastq.gz	cab6ac668fdccb75c4707168296424d5
/nfs/dri/02/rdsmbh/shared/rdsmbh/230327_A00748_0368_AH5CTMDSX5_fastq/28_V_34_S28_L003_R1_001.fastq.gz	ef4381a9ae9de179d5006a1d96ae2e1b
/nfs/dri/02/rdsmbh/shared/rdsmbh/230327_A00748_0368_AH5CTMDSX5_fastq/28_V_34_S28_L003_R2_001.fastq.gz	8d28f4c541f73b1a6bae67380170f294
/nfs/dri/02/rdsmbh/shared/rdsmbh/230327_A00748_0368_AH5CTMDSX5_fastq/28_V_34_S28_L004_I1_001.fastq.gz	26c24f269fbf84c4127778359ae09a33
/nfs/dri/02/rdsmbh/shared/rdsmbh/230327_A00748_0368_AH5CTMDSX5_fastq/28_V_34_S28_L004_I2_001.fastq.gz	6571685e627598dd3612ba7e41df226a
/nfs/dri/02/rdsmbh/shared/rdsmbh/230327_A00748_0368_AH5CTMDSX5_fastq/28_V_34_S28_L004_R1_001.fastq.gz	8b960d01634233ac6c6c34d703898fcf
/nfs/dri/02/rdsmbh/shared/rdsmbh/230327_A00748_0368_AH5CTMDSX5_fastq/28_V_34_S28_L004_R2_001.fastq.gz	e66db1406281818ba8d1beb9a776ea5c
/nfs/dri/02/rdsmbh/shared/rdsmbh/230327_A00748_0368_AH5CTMDSX5_fastq/29_P_35_S29_L001_I1_001.fastq.gz	b475f2ecf9fa6ee333d6d43a6e9f51ea
/nfs/dri/02/rdsmbh/shared/rdsmbh/230327_A00748_0368_AH5CTMDSX5_fastq/29_P_35_S29_L001_I2_001.fastq.gz	2f93145282b67839b9d39b68f2a3f7b5
/nfs/dri/02/rdsmbh/shared/rdsmbh/230327_A00748_0368_AH5CTMDSX5_fastq/29_P_35_S29_L001_R1_001.fastq.gz	92c322560cc84af506dc1aa6fbb116f1
/nfs/dri/02/rdsmbh/shared/rdsmbh/230327_A00748_0368_AH5CTMDSX5_fastq/29_P_35_S29_L001_R2_001.fastq.gz	47c78ea4fcd04ddb0e13adfe6c6a2d2e
/nfs/dri/02/rdsmbh/shared/rdsmbh/230327_A00748_0368_AH5CTMDSX5_fastq/29_P_35_S29_L002_I1_001.fastq.gz	4db0f0228351c80f86628a19b4b4734e
/nfs/dri/02/rdsmbh/shared/rdsmbh/230327_A00748_0368_AH5CTMDSX5_fastq/29_P_35_S29_L002_I2_001.fastq.gz	50fac48546a7e23f493ab9608e6f9fb2
/nfs/dri/02/rdsmbh/shared/rdsmbh/230327_A00748_0368_AH5CTMDSX5_fastq/29_P_35_S29_L002_R1_001.fastq.gz	ddab27381a668d4b32e52695ec427d7a
/nfs/dri/02/rdsmbh/shared/rdsmbh/230327_A00748_0368_AH5CTMDSX5_fastq/29_P_35_S29_L002_R2_001.fastq.gz	d9ed17238a8e195e36900eb74e6d120d
/nfs/dri/02/rdsmbh/shared/rdsmbh/230327_A00748_0368_AH5CTMDSX5_fastq/29_P_35_S29_L003_I1_001.fastq.gz	aa533b4898e0554b82a6ea4127923b3c
/nfs/dri/02/rdsmbh/shared/rdsmbh/230327_A00748_0368_AH5CTMDSX5_fastq/29_P_35_S29_L003_I2_001.fastq.gz	98888f4b4019daf1a46560471b324276
/nfs/dri/02/rdsmbh/shared/rdsmbh/230327_A00748_0368_AH5CTMDSX5_fastq/29_P_35_S29_L003_R1_001.fastq.gz	b749039c5d38f94c9fce55217c5423c2
/nfs/dri/02/rdsmbh/shared/rdsmbh/230327_A00748_0368_AH5CTMDSX5_fastq/29_P_35_S29_L003_R2_001.fastq.gz	4e9c7fd4f5d4cd88fa523012ba393fae
/nfs/dri/02/rdsmbh/shared/rdsmbh/230327_A00748_0368_AH5CTMDSX5_fastq/29_P_35_S29_L004_I1_001.fastq.gz	1ecd5f446818e45b03ea6480a1f382f9
/nfs/dri/02/rdsmbh/shared/rdsmbh/230327_A00748_0368_AH5CTMDSX5_fastq/29_P_35_S29_L004_I2_001.fastq.gz	8ca2445c69ad1e25d2c04cd63f3483fe
/nfs/dri/02/rdsmbh/shared/rdsmbh/230327_A00748_0368_AH5CTMDSX5_fastq/29_P_35_S29_L004_R1_001.fastq.gz	21b387eae0fc1d401892ee11f3a75963
/nfs/dri/02/rdsmbh/shared/rdsmbh/230327_A00748_0368_AH5CTMDSX5_fastq/29_P_35_S29_L004_R2_001.fastq.gz	cc979737706c300b9d8bf93fa5e96eac
/nfs/dri/02/rdsmbh/shared/rdsmbh/230327_A00748_0368_AH5CTMDSX5_fastq/30_P_36_S30_L001_I1_001.fastq.gz	0fdd1427433c7f6242a68dd2ec61fda9
/nfs/dri/02/rdsmbh/shared/rdsmbh/230327_A00748_0368_AH5CTMDSX5_fastq/30_P_36_S30_L001_I2_001.fastq.gz	35d2ff18802ca2255547a330a2294757
/nfs/dri/02/rdsmbh/shared/rdsmbh/230327_A00748_0368_AH5CTMDSX5_fastq/30_P_36_S30_L001_R1_001.fastq.gz	9edbf51f76a935766a9c6aad63f9495f
/nfs/dri/02/rdsmbh/shared/rdsmbh/230327_A00748_0368_AH5CTMDSX5_fastq/30_P_36_S30_L001_R2_001.fastq.gz	349ee30c35ec0e58efd7c379584c1e01
/nfs/dri/02/rdsmbh/shared/rdsmbh/230327_A00748_0368_AH5CTMDSX5_fastq/30_P_36_S30_L002_I1_001.fastq.gz	084677f9c842f207bfbbfc950bd10abd
/nfs/dri/02/rdsmbh/shared/rdsmbh/230327_A00748_0368_AH5CTMDSX5_fastq/30_P_36_S30_L002_I2_001.fastq.gz	17e1f0dd0b7941a886d614c49c82fb86
/nfs/dri/02/rdsmbh/shared/rdsmbh/230327_A00748_0368_AH5CTMDSX5_fastq/30_P_36_S30_L002_R1_001.fastq.gz	6410d9e198deeb81336f6df0b01a803b
/nfs/dri/02/rdsmbh/shared/rdsmbh/230327_A00748_0368_AH5CTMDSX5_fastq/30_P_36_S30_L002_R2_001.fastq.gz	27a75fafc32c2314107961910945b046
/nfs/dri/02/rdsmbh/shared/rdsmbh/230327_A00748_0368_AH5CTMDSX5_fastq/30_P_36_S30_L003_I1_001.fastq.gz	1ff4e780df821d47004ddcc9814e51d1
/nfs/dri/02/rdsmbh/shared/rdsmbh/230327_A00748_0368_AH5CTMDSX5_fastq/30_P_36_S30_L003_I2_001.fastq.gz	65b1173a374f2b5e04c29bf2f003e3b0
/nfs/dri/02/rdsmbh/shared/rdsmbh/230327_A00748_0368_AH5CTMDSX5_fastq/30_P_36_S30_L003_R1_001.fastq.gz	3c2e61d5fdbf145469293ac100b0ec3e
/nfs/dri/02/rdsmbh/shared/rdsmbh/230327_A00748_0368_AH5CTMDSX5_fastq/30_P_36_S30_L003_R2_001.fastq.gz	5a89a1f558ef620a7d9f4999f0d9f3c0
/nfs/dri/02/rdsmbh/shared/rdsmbh/230327_A00748_0368_AH5CTMDSX5_fastq/30_P_36_S30_L004_I1_001.fastq.gz	27df57a684b9def22792bdefd8f51d61
/nfs/dri/02/rdsmbh/shared/rdsmbh/230327_A00748_0368_AH5CTMDSX5_fastq/30_P_36_S30_L004_I2_001.fastq.gz	562b8d4fb083b4fef07c1ba05eb21d8a
/nfs/dri/02/rdsmbh/shared/rdsmbh/230327_A00748_0368_AH5CTMDSX5_fastq/30_P_36_S30_L004_R1_001.fastq.gz	0bfae6167d3acf97e50b2f888a06fa43
/nfs/dri/02/rdsmbh/shared/rdsmbh/230327_A00748_0368_AH5CTMDSX5_fastq/30_P_36_S30_L004_R2_001.fastq.gz	cc520968a2de96ad2c5424eb9155b578
/nfs/dri/02/rdsmbh/shared/rdsmbh/230327_A00748_0368_AH5CTMDSX5_fastq/31_V_35_S31_L001_I1_001.fastq.gz	e08f4c7301a3352411aff679f400f85d
/nfs/dri/02/rdsmbh/shared/rdsmbh/230327_A00748_0368_AH5CTMDSX5_fastq/31_V_35_S31_L001_I2_001.fastq.gz	c83e8664621f6c00d792e1b26aa905b5
/nfs/dri/02/rdsmbh/shared/rdsmbh/230327_A00748_0368_AH5CTMDSX5_fastq/31_V_35_S31_L001_R1_001.fastq.gz	6209767d475c166734130323330f1ae7
/nfs/dri/02/rdsmbh/shared/rdsmbh/230327_A00748_0368_AH5CTMDSX5_fastq/31_V_35_S31_L001_R2_001.fastq.gz	2052be81e907fa3269520ec776d2c2a8
/nfs/dri/02/rdsmbh/shared/rdsmbh/230327_A00748_0368_AH5CTMDSX5_fastq/31_V_35_S31_L002_I1_001.fastq.gz	0b4434356143da8a1a3452c7980a6c17
/nfs/dri/02/rdsmbh/shared/rdsmbh/230327_A00748_0368_AH5CTMDSX5_fastq/31_V_35_S31_L002_I2_001.fastq.gz	f9a229b1daa4278ed13d263baabcf66e
/nfs/dri/02/rdsmbh/shared/rdsmbh/230327_A00748_0368_AH5CTMDSX5_fastq/31_V_35_S31_L002_R1_001.fastq.gz	c9ba2c626acc741e1225716e9caded03
/nfs/dri/02/rdsmbh/shared/rdsmbh/230327_A00748_0368_AH5CTMDSX5_fastq/31_V_35_S31_L002_R2_001.fastq.gz	40961c0ee0b1aa1d621082f0fae5707f
/nfs/dri/02/rdsmbh/shared/rdsmbh/230327_A00748_0368_AH5CTMDSX5_fastq/31_V_35_S31_L003_I1_001.fastq.gz	9f79d6f3da44c3d93ec1f319fade9f8b
/nfs/dri/02/rdsmbh/shared/rdsmbh/230327_A00748_0368_AH5CTMDSX5_fastq/31_V_35_S31_L003_I2_001.fastq.gz	05c4c27184fe284c27c06b97142749d7
/nfs/dri/02/rdsmbh/shared/rdsmbh/230327_A00748_0368_AH5CTMDSX5_fastq/31_V_35_S31_L003_R1_001.fastq.gz	1fe1e839cd7949bc9e685344dfce6751
/nfs/dri/02/rdsmbh/shared/rdsmbh/230327_A00748_0368_AH5CTMDSX5_fastq/31_V_35_S31_L003_R2_001.fastq.gz	f695c188013916dbec7efc2578a778be
/nfs/dri/02/rdsmbh/shared/rdsmbh/230327_A00748_0368_AH5CTMDSX5_fastq/31_V_35_S31_L004_I1_001.fastq.gz	ef7c91ce1497f6dd3ee6e37d2e48aebe
/nfs/dri/02/rdsmbh/shared/rdsmbh/230327_A00748_0368_AH5CTMDSX5_fastq/31_V_35_S31_L004_I2_001.fastq.gz	9188412b2ecfdae11ad4375146dde084
/nfs/dri/02/rdsmbh/shared/rdsmbh/230327_A00748_0368_AH5CTMDSX5_fastq/31_V_35_S31_L004_R1_001.fastq.gz	e4c38aae2778ac9a716b2970cd487b43
/nfs/dri/02/rdsmbh/shared/rdsmbh/230327_A00748_0368_AH5CTMDSX5_fastq/31_V_35_S31_L004_R2_001.fastq.gz	a560e9cd99ed1e284dd9745ba6a08933
/nfs/dri/02/rdsmbh/shared/rdsmbh/230327_A00748_0368_AH5CTMDSX5_fastq/32_V_36_S32_L001_I1_001.fastq.gz	053c8eeaffdbdc1dd28dd160073c4a50
/nfs/dri/02/rdsmbh/shared/rdsmbh/230327_A00748_0368_AH5CTMDSX5_fastq/32_V_36_S32_L001_I2_001.fastq.gz	9ed695b3e87af0927ed976007ee881e3
/nfs/dri/02/rdsmbh/shared/rdsmbh/230327_A00748_0368_AH5CTMDSX5_fastq/32_V_36_S32_L001_R1_001.fastq.gz	2b0ae09a891a44dd8a6d7aca3bdbe231
/nfs/dri/02/rdsmbh/shared/rdsmbh/230327_A00748_0368_AH5CTMDSX5_fastq/32_V_36_S32_L001_R2_001.fastq.gz	26b7064abd901a4ad356c1b295891ba3
/nfs/dri/02/rdsmbh/shared/rdsmbh/230327_A00748_0368_AH5CTMDSX5_fastq/32_V_36_S32_L002_I1_001.fastq.gz	3f54c46309f4c082bafad69a94a3bf84
/nfs/dri/02/rdsmbh/shared/rdsmbh/230327_A00748_0368_AH5CTMDSX5_fastq/32_V_36_S32_L002_I2_001.fastq.gz	60b8a613188ae77aac0204ccd35de8f4
/nfs/dri/02/rdsmbh/shared/rdsmbh/230327_A00748_0368_AH5CTMDSX5_fastq/32_V_36_S32_L002_R1_001.fastq.gz	1414309a13938506961d2231b2b749b5
/nfs/dri/02/rdsmbh/shared/rdsmbh/230327_A00748_0368_AH5CTMDSX5_fastq/32_V_36_S32_L002_R2_001.fastq.gz	32e0ffd888d8ce7510532137a4b70fa6
/nfs/dri/02/rdsmbh/shared/rdsmbh/230327_A00748_0368_AH5CTMDSX5_fastq/32_V_36_S32_L003_I1_001.fastq.gz	6b2cb823ae59c32d9aeff4c133766f50
/nfs/dri/02/rdsmbh/shared/rdsmbh/230327_A00748_0368_AH5CTMDSX5_fastq/32_V_36_S32_L003_I2_001.fastq.gz	0cff64d957bcc7518836f53c17393983
/nfs/dri/02/rdsmbh/shared/rdsmbh/230327_A00748_0368_AH5CTMDSX5_fastq/32_V_36_S32_L003_R1_001.fastq.gz	bcc5e2a2b63d09fe631c180d2e329b6c
/nfs/dri/02/rdsmbh/shared/rdsmbh/230327_A00748_0368_AH5CTMDSX5_fastq/32_V_36_S32_L003_R2_001.fastq.gz	3cfef94f5a7c5e91e9bf807b05b53add
/nfs/dri/02/rdsmbh/shared/rdsmbh/230327_A00748_0368_AH5CTMDSX5_fastq/32_V_36_S32_L004_I1_001.fastq.gz	2d30ce5ae3b7b2535a2edbcbb130b660
/nfs/dri/02/rdsmbh/shared/rdsmbh/230327_A00748_0368_AH5CTMDSX5_fastq/32_V_36_S32_L004_I2_001.fastq.gz	9527e1208062f3005c5877a1ddfa5402
/nfs/dri/02/rdsmbh/shared/rdsmbh/230327_A00748_0368_AH5CTMDSX5_fastq/32_V_36_S32_L004_R1_001.fastq.gz	c6e56f450d3ab7116e8151e926f3a39c
/nfs/dri/02/rdsmbh/shared/rdsmbh/230327_A00748_0368_AH5CTMDSX5_fastq/32_V_36_S32_L004_R2_001.fastq.gz	3134456f0b9cebaa638f4a61192990b0
/nfs/dri/02/rdsmbh/shared/rdsmbh/230327_A00748_0368_AH5CTMDSX5_fastq/33_P_37_S33_L001_I1_001.fastq.gz	52557ac1d2fd336bc48f837ec38ec36f
/nfs/dri/02/rdsmbh/shared/rdsmbh/230327_A00748_0368_AH5CTMDSX5_fastq/33_P_37_S33_L001_I2_001.fastq.gz	4b2f9508c2a0587c2599265b21159994
/nfs/dri/02/rdsmbh/shared/rdsmbh/230327_A00748_0368_AH5CTMDSX5_fastq/33_P_37_S33_L001_R1_001.fastq.gz	502976568474128b22290ecd6433508c
/nfs/dri/02/rdsmbh/shared/rdsmbh/230327_A00748_0368_AH5CTMDSX5_fastq/33_P_37_S33_L001_R2_001.fastq.gz	2e4bfec898f273ab4b16e000cb4a2fbb
/nfs/dri/02/rdsmbh/shared/rdsmbh/230327_A00748_0368_AH5CTMDSX5_fastq/33_P_37_S33_L002_I1_001.fastq.gz	d4cc586832f0539b4472cce03ee8b8b3
/nfs/dri/02/rdsmbh/shared/rdsmbh/230327_A00748_0368_AH5CTMDSX5_fastq/33_P_37_S33_L002_I2_001.fastq.gz	272f91cb896c5a466100d14dee4c196e
/nfs/dri/02/rdsmbh/shared/rdsmbh/230327_A00748_0368_AH5CTMDSX5_fastq/33_P_37_S33_L002_R1_001.fastq.gz	0a3364047e3c048db0b8b757595e5d58
/nfs/dri/02/rdsmbh/shared/rdsmbh/230327_A00748_0368_AH5CTMDSX5_fastq/33_P_37_S33_L002_R2_001.fastq.gz	125235722417911915f44b630302419c
/nfs/dri/02/rdsmbh/shared/rdsmbh/230327_A00748_0368_AH5CTMDSX5_fastq/33_P_37_S33_L003_I1_001.fastq.gz	560987a633e10c358c02a30b69a70dcc
/nfs/dri/02/rdsmbh/shared/rdsmbh/230327_A00748_0368_AH5CTMDSX5_fastq/33_P_37_S33_L003_I2_001.fastq.gz	df74abc29d07c02f566e329dac4652d0
/nfs/dri/02/rdsmbh/shared/rdsmbh/230327_A00748_0368_AH5CTMDSX5_fastq/33_P_37_S33_L003_R1_001.fastq.gz	bf19792efa9191c2a34ed9434fefc088
/nfs/dri/02/rdsmbh/shared/rdsmbh/230327_A00748_0368_AH5CTMDSX5_fastq/33_P_37_S33_L003_R2_001.fastq.gz	4ebc97d5e3847e6bfe2ff6476fc90f76
/nfs/dri/02/rdsmbh/shared/rdsmbh/230327_A00748_0368_AH5CTMDSX5_fastq/33_P_37_S33_L004_I1_001.fastq.gz	bc1dea9ac2e0cb8c105bb4ed223c5ea9
/nfs/dri/02/rdsmbh/shared/rdsmbh/230327_A00748_0368_AH5CTMDSX5_fastq/33_P_37_S33_L004_I2_001.fastq.gz	724a5b6c41720ceac097e971ba0b1bd0
/nfs/dri/02/rdsmbh/shared/rdsmbh/230327_A00748_0368_AH5CTMDSX5_fastq/33_P_37_S33_L004_R1_001.fastq.gz	55c0f589f4f7907738a250817a873877
/nfs/dri/02/rdsmbh/shared/rdsmbh/230327_A00748_0368_AH5CTMDSX5_fastq/33_P_37_S33_L004_R2_001.fastq.gz	c109fa6986ea5b6b7328570bd592b96f
/nfs/dri/02/rdsmbh/shared/rdsmbh/230327_A00748_0368_AH5CTMDSX5_fastq/34_P_38_S34_L001_I1_001.fastq.gz	92ca147f74dcb0f68943a305e1380c7d
/nfs/dri/02/rdsmbh/shared/rdsmbh/230327_A00748_0368_AH5CTMDSX5_fastq/34_P_38_S34_L001_I2_001.fastq.gz	e9919502fc305b746929120741782b45
/nfs/dri/02/rdsmbh/shared/rdsmbh/230327_A00748_0368_AH5CTMDSX5_fastq/34_P_38_S34_L001_R1_001.fastq.gz	2f9558b9a05fbe344e90967289841287
/nfs/dri/02/rdsmbh/shared/rdsmbh/230327_A00748_0368_AH5CTMDSX5_fastq/34_P_38_S34_L001_R2_001.fastq.gz	7b64a3dcd064c3c7bc861f68209dbc2d
/nfs/dri/02/rdsmbh/shared/rdsmbh/230327_A00748_0368_AH5CTMDSX5_fastq/34_P_38_S34_L002_I1_001.fastq.gz	e80a2cfc5447259c270f006b4af5174b
/nfs/dri/02/rdsmbh/shared/rdsmbh/230327_A00748_0368_AH5CTMDSX5_fastq/34_P_38_S34_L002_I2_001.fastq.gz	72d4d9c48f1a96c97b3137a686382cb9
/nfs/dri/02/rdsmbh/shared/rdsmbh/230327_A00748_0368_AH5CTMDSX5_fastq/34_P_38_S34_L002_R1_001.fastq.gz	cbe0eee8a827d06e94b2064ac6d6ab6b
/nfs/dri/02/rdsmbh/shared/rdsmbh/230327_A00748_0368_AH5CTMDSX5_fastq/34_P_38_S34_L002_R2_001.fastq.gz	51a78b353856eb32743c139746baaa1d
/nfs/dri/02/rdsmbh/shared/rdsmbh/230327_A00748_0368_AH5CTMDSX5_fastq/34_P_38_S34_L003_I1_001.fastq.gz	b24794d2a7141b9b58e43759beef83c0
/nfs/dri/02/rdsmbh/shared/rdsmbh/230327_A00748_0368_AH5CTMDSX5_fastq/34_P_38_S34_L003_I2_001.fastq.gz	c5c3f1d94d2f9c3852bbaadfefa3110d
/nfs/dri/02/rdsmbh/shared/rdsmbh/230327_A00748_0368_AH5CTMDSX5_fastq/34_P_38_S34_L003_R1_001.fastq.gz	82926d736dc543ab3a0c0c44eddcdc03
/nfs/dri/02/rdsmbh/shared/rdsmbh/230327_A00748_0368_AH5CTMDSX5_fastq/34_P_38_S34_L003_R2_001.fastq.gz	16a7fb0e3c6cf814e324bc08d46062f0
/nfs/dri/02/rdsmbh/shared/rdsmbh/230327_A00748_0368_AH5CTMDSX5_fastq/34_P_38_S34_L004_I1_001.fastq.gz	d5424f232467909c08a0a6559c5cfc2c
/nfs/dri/02/rdsmbh/shared/rdsmbh/230327_A00748_0368_AH5CTMDSX5_fastq/34_P_38_S34_L004_I2_001.fastq.gz	c8d7fd88266bfa0ea7f6efe84843d6a3
/nfs/dri/02/rdsmbh/shared/rdsmbh/230327_A00748_0368_AH5CTMDSX5_fastq/34_P_38_S34_L004_R1_001.fastq.gz	14728b650379565d82b543c528dce68d
/nfs/dri/02/rdsmbh/shared/rdsmbh/230327_A00748_0368_AH5CTMDSX5_fastq/34_P_38_S34_L004_R2_001.fastq.gz	66e7d75c74f10631baf330172077a700
/nfs/dri/02/rdsmbh/shared/rdsmbh/230327_A00748_0368_AH5CTMDSX5_fastq/35_V_37_S35_L001_I1_001.fastq.gz	c943c2f090fc1e138050ac2831ca6d37
/nfs/dri/02/rdsmbh/shared/rdsmbh/230327_A00748_0368_AH5CTMDSX5_fastq/35_V_37_S35_L001_I2_001.fastq.gz	26886f5cf846af8b902538b37e1ff1d6
/nfs/dri/02/rdsmbh/shared/rdsmbh/230327_A00748_0368_AH5CTMDSX5_fastq/35_V_37_S35_L001_R1_001.fastq.gz	c2a7c2a49aa6c439ff7d46c6913e3da8
/nfs/dri/02/rdsmbh/shared/rdsmbh/230327_A00748_0368_AH5CTMDSX5_fastq/35_V_37_S35_L001_R2_001.fastq.gz	3c29361adc0124d35cb2229f456d5c52
/nfs/dri/02/rdsmbh/shared/rdsmbh/230327_A00748_0368_AH5CTMDSX5_fastq/35_V_37_S35_L002_I1_001.fastq.gz	06329bcebd8b45dd146ce1b0591a8ab4
/nfs/dri/02/rdsmbh/shared/rdsmbh/230327_A00748_0368_AH5CTMDSX5_fastq/35_V_37_S35_L002_I2_001.fastq.gz	30e89dd39ce69dae9e5fc6d5b43feb95
/nfs/dri/02/rdsmbh/shared/rdsmbh/230327_A00748_0368_AH5CTMDSX5_fastq/35_V_37_S35_L002_R1_001.fastq.gz	4b4a416f1c6ff333890fb83bfc52b6aa
/nfs/dri/02/rdsmbh/shared/rdsmbh/230327_A00748_0368_AH5CTMDSX5_fastq/35_V_37_S35_L002_R2_001.fastq.gz	eeed39a46a6f7f6576af95e458d4f0ae
/nfs/dri/02/rdsmbh/shared/rdsmbh/230327_A00748_0368_AH5CTMDSX5_fastq/35_V_37_S35_L003_I1_001.fastq.gz	ec27b9bfdefdbee791bc3974cf9ce39d
/nfs/dri/02/rdsmbh/shared/rdsmbh/230327_A00748_0368_AH5CTMDSX5_fastq/35_V_37_S35_L003_I2_001.fastq.gz	be4fb6a6c49c0ae92913e8a2e36d5640
/nfs/dri/02/rdsmbh/shared/rdsmbh/230327_A00748_0368_AH5CTMDSX5_fastq/35_V_37_S35_L003_R1_001.fastq.gz	54889e581411514118f38521e9426ab7
/nfs/dri/02/rdsmbh/shared/rdsmbh/230327_A00748_0368_AH5CTMDSX5_fastq/35_V_37_S35_L003_R2_001.fastq.gz	18cb8d1988f436061b63698175f10734
/nfs/dri/02/rdsmbh/shared/rdsmbh/230327_A00748_0368_AH5CTMDSX5_fastq/35_V_37_S35_L004_I1_001.fastq.gz	18608f555af0c1b2c2985074d4af954b
/nfs/dri/02/rdsmbh/shared/rdsmbh/230327_A00748_0368_AH5CTMDSX5_fastq/35_V_37_S35_L004_I2_001.fastq.gz	427bb860827653a1a79b5ab96ab99969
/nfs/dri/02/rdsmbh/shared/rdsmbh/230327_A00748_0368_AH5CTMDSX5_fastq/35_V_37_S35_L004_R1_001.fastq.gz	803ad9712bc6fef9bd4d2d80987d066e
/nfs/dri/02/rdsmbh/shared/rdsmbh/230327_A00748_0368_AH5CTMDSX5_fastq/35_V_37_S35_L004_R2_001.fastq.gz	0ecae57e5d493c5ef5e2d979f5640e0d
/nfs/dri/02/rdsmbh/shared/rdsmbh/230327_A00748_0368_AH5CTMDSX5_fastq/36_V_38_S36_L001_I1_001.fastq.gz	62ab6cc67c0e1a942dd33d9efbd596f1
/nfs/dri/02/rdsmbh/shared/rdsmbh/230327_A00748_0368_AH5CTMDSX5_fastq/36_V_38_S36_L001_I2_001.fastq.gz	1d89f4d51acbe09df41a91adce3a2acf
/nfs/dri/02/rdsmbh/shared/rdsmbh/230327_A00748_0368_AH5CTMDSX5_fastq/36_V_38_S36_L001_R1_001.fastq.gz	548a7ba76d21c8ae78f348395ee009b0
/nfs/dri/02/rdsmbh/shared/rdsmbh/230327_A00748_0368_AH5CTMDSX5_fastq/36_V_38_S36_L001_R2_001.fastq.gz	01ee36007271452b1f90194b22c16770
/nfs/dri/02/rdsmbh/shared/rdsmbh/230327_A00748_0368_AH5CTMDSX5_fastq/36_V_38_S36_L002_I1_001.fastq.gz	ef7813030c180affc893a15765dd6aa1
/nfs/dri/02/rdsmbh/shared/rdsmbh/230327_A00748_0368_AH5CTMDSX5_fastq/36_V_38_S36_L002_I2_001.fastq.gz	176f4a7b370761dbe66c6c528160f494
/nfs/dri/02/rdsmbh/shared/rdsmbh/230327_A00748_0368_AH5CTMDSX5_fastq/36_V_38_S36_L002_R1_001.fastq.gz	41f275e6c3e36762b3c949033c58f142
/nfs/dri/02/rdsmbh/shared/rdsmbh/230327_A00748_0368_AH5CTMDSX5_fastq/36_V_38_S36_L002_R2_001.fastq.gz	830dd57d66c57751203fe6f0a6d7a801
/nfs/dri/02/rdsmbh/shared/rdsmbh/230327_A00748_0368_AH5CTMDSX5_fastq/36_V_38_S36_L003_I1_001.fastq.gz	f31c9767d0373de2d8e253b341901f99
/nfs/dri/02/rdsmbh/shared/rdsmbh/230327_A00748_0368_AH5CTMDSX5_fastq/36_V_38_S36_L003_I2_001.fastq.gz	4c10b3e8f88f7a5566ddd762887bb1e4
/nfs/dri/02/rdsmbh/shared/rdsmbh/230327_A00748_0368_AH5CTMDSX5_fastq/36_V_38_S36_L003_R1_001.fastq.gz	f4c2425e19087661493e3455a36efd64
/nfs/dri/02/rdsmbh/shared/rdsmbh/230327_A00748_0368_AH5CTMDSX5_fastq/36_V_38_S36_L003_R2_001.fastq.gz	a17b5eabfaf8f5f811ed65a220d8745a
/nfs/dri/02/rdsmbh/shared/rdsmbh/230327_A00748_0368_AH5CTMDSX5_fastq/36_V_38_S36_L004_I1_001.fastq.gz	8eb2dcb1c2d07be323803df3feac8d2a
/nfs/dri/02/rdsmbh/shared/rdsmbh/230327_A00748_0368_AH5CTMDSX5_fastq/36_V_38_S36_L004_I2_001.fastq.gz	db62a50718ce12ec7dfdcee8e9161d18
/nfs/dri/02/rdsmbh/shared/rdsmbh/230327_A00748_0368_AH5CTMDSX5_fastq/36_V_38_S36_L004_R1_001.fastq.gz	a70194d86b013bec7960b5c9fea6571b
/nfs/dri/02/rdsmbh/shared/rdsmbh/230327_A00748_0368_AH5CTMDSX5_fastq/36_V_38_S36_L004_R2_001.fastq.gz	1b3f8b5b7743a9eb3d974ca43464bd22
/nfs/dri/02/rdsmbh/shared/rdsmbh/230327_A00748_0368_AH5CTMDSX5_fastq/37_P_39_S37_L001_I1_001.fastq.gz	febef808ae5397ea4ee7ee40e5fd39e0
/nfs/dri/02/rdsmbh/shared/rdsmbh/230327_A00748_0368_AH5CTMDSX5_fastq/37_P_39_S37_L001_I2_001.fastq.gz	febef808ae5397ea4ee7ee40e5fd39e0
/nfs/dri/02/rdsmbh/shared/rdsmbh/230327_A00748_0368_AH5CTMDSX5_fastq/37_P_39_S37_L001_R1_001.fastq.gz	febef808ae5397ea4ee7ee40e5fd39e0
/nfs/dri/02/rdsmbh/shared/rdsmbh/230327_A00748_0368_AH5CTMDSX5_fastq/37_P_39_S37_L001_R2_001.fastq.gz	febef808ae5397ea4ee7ee40e5fd39e0
/nfs/dri/02/rdsmbh/shared/rdsmbh/230327_A00748_0368_AH5CTMDSX5_fastq/37_P_39_S37_L002_I1_001.fastq.gz	febef808ae5397ea4ee7ee40e5fd39e0
/nfs/dri/02/rdsmbh/shared/rdsmbh/230327_A00748_0368_AH5CTMDSX5_fastq/37_P_39_S37_L002_I2_001.fastq.gz	febef808ae5397ea4ee7ee40e5fd39e0
/nfs/dri/02/rdsmbh/shared/rdsmbh/230327_A00748_0368_AH5CTMDSX5_fastq/37_P_39_S37_L002_R1_001.fastq.gz	febef808ae5397ea4ee7ee40e5fd39e0
/nfs/dri/02/rdsmbh/shared/rdsmbh/230327_A00748_0368_AH5CTMDSX5_fastq/37_P_39_S37_L002_R2_001.fastq.gz	febef808ae5397ea4ee7ee40e5fd39e0
/nfs/dri/02/rdsmbh/shared/rdsmbh/230327_A00748_0368_AH5CTMDSX5_fastq/37_P_39_S37_L003_I1_001.fastq.gz	febef808ae5397ea4ee7ee40e5fd39e0
/nfs/dri/02/rdsmbh/shared/rdsmbh/230327_A00748_0368_AH5CTMDSX5_fastq/37_P_39_S37_L003_I2_001.fastq.gz	febef808ae5397ea4ee7ee40e5fd39e0
/nfs/dri/02/rdsmbh/shared/rdsmbh/230327_A00748_0368_AH5CTMDSX5_fastq/37_P_39_S37_L003_R1_001.fastq.gz	febef808ae5397ea4ee7ee40e5fd39e0
/nfs/dri/02/rdsmbh/shared/rdsmbh/230327_A00748_0368_AH5CTMDSX5_fastq/37_P_39_S37_L003_R2_001.fastq.gz	febef808ae5397ea4ee7ee40e5fd39e0
/nfs/dri/02/rdsmbh/shared/rdsmbh/230327_A00748_0368_AH5CTMDSX5_fastq/37_P_39_S37_L004_I1_001.fastq.gz	febef808ae5397ea4ee7ee40e5fd39e0
/nfs/dri/02/rdsmbh/shared/rdsmbh/230327_A00748_0368_AH5CTMDSX5_fastq/37_P_39_S37_L004_I2_001.fastq.gz	febef808ae5397ea4ee7ee40e5fd39e0
/nfs/dri/02/rdsmbh/shared/rdsmbh/230327_A00748_0368_AH5CTMDSX5_fastq/37_P_39_S37_L004_R1_001.fastq.gz	febef808ae5397ea4ee7ee40e5fd39e0
/nfs/dri/02/rdsmbh/shared/rdsmbh/230327_A00748_0368_AH5CTMDSX5_fastq/37_P_39_S37_L004_R2_001.fastq.gz	febef808ae5397ea4ee7ee40e5fd39e0
/nfs/dri/02/rdsmbh/shared/rdsmbh/230327_A00748_0368_AH5CTMDSX5_fastq/38_P_40_S38_L001_I1_001.fastq.gz	77ce0047b9e87cf9be5362dcdabb11a9
/nfs/dri/02/rdsmbh/shared/rdsmbh/230327_A00748_0368_AH5CTMDSX5_fastq/38_P_40_S38_L001_I2_001.fastq.gz	e9673780d8dc2f56a6f7677c92b71373
/nfs/dri/02/rdsmbh/shared/rdsmbh/230327_A00748_0368_AH5CTMDSX5_fastq/38_P_40_S38_L001_R1_001.fastq.gz	335ef486d9f360dc41c333ea0f05dfda
/nfs/dri/02/rdsmbh/shared/rdsmbh/230327_A00748_0368_AH5CTMDSX5_fastq/38_P_40_S38_L001_R2_001.fastq.gz	d76633dc94f9349557c3e96ed082580e
/nfs/dri/02/rdsmbh/shared/rdsmbh/230327_A00748_0368_AH5CTMDSX5_fastq/38_P_40_S38_L002_I1_001.fastq.gz	51322ab22c04f087b8ef1edc6528a908
/nfs/dri/02/rdsmbh/shared/rdsmbh/230327_A00748_0368_AH5CTMDSX5_fastq/38_P_40_S38_L002_I2_001.fastq.gz	c27282608d607c59f99daed87361df66
/nfs/dri/02/rdsmbh/shared/rdsmbh/230327_A00748_0368_AH5CTMDSX5_fastq/38_P_40_S38_L002_R1_001.fastq.gz	742800695ab27446384e1c7a5a66b72f
/nfs/dri/02/rdsmbh/shared/rdsmbh/230327_A00748_0368_AH5CTMDSX5_fastq/38_P_40_S38_L002_R2_001.fastq.gz	65dbcbed6ba939487c201332966a0a11
/nfs/dri/02/rdsmbh/shared/rdsmbh/230327_A00748_0368_AH5CTMDSX5_fastq/38_P_40_S38_L003_I1_001.fastq.gz	b626fef51dab8bc59ae5b5d5102780c6
/nfs/dri/02/rdsmbh/shared/rdsmbh/230327_A00748_0368_AH5CTMDSX5_fastq/38_P_40_S38_L003_I2_001.fastq.gz	9a86a59f0fca5d1f210f564f794ae588
/nfs/dri/02/rdsmbh/shared/rdsmbh/230327_A00748_0368_AH5CTMDSX5_fastq/38_P_40_S38_L003_R1_001.fastq.gz	1212e2a947065bc0b6cb6db695664dbe
/nfs/dri/02/rdsmbh/shared/rdsmbh/230327_A00748_0368_AH5CTMDSX5_fastq/38_P_40_S38_L003_R2_001.fastq.gz	80c7758734e130ccaf57cbc9c4c184b3
/nfs/dri/02/rdsmbh/shared/rdsmbh/230327_A00748_0368_AH5CTMDSX5_fastq/38_P_40_S38_L004_I1_001.fastq.gz	639ce1bd13d67cf6537052ed69cb35e0
/nfs/dri/02/rdsmbh/shared/rdsmbh/230327_A00748_0368_AH5CTMDSX5_fastq/38_P_40_S38_L004_I2_001.fastq.gz	b5b82237ccdbfec80823387caafa0f9d
/nfs/dri/02/rdsmbh/shared/rdsmbh/230327_A00748_0368_AH5CTMDSX5_fastq/38_P_40_S38_L004_R1_001.fastq.gz	12e1bf352fce4843b80eacf5aec8bcb8
/nfs/dri/02/rdsmbh/shared/rdsmbh/230327_A00748_0368_AH5CTMDSX5_fastq/38_P_40_S38_L004_R2_001.fastq.gz	42131535f3e3535a418c72483c0cb7fd
/nfs/dri/02/rdsmbh/shared/rdsmbh/230327_A00748_0368_AH5CTMDSX5_fastq/39_V_39_S39_L001_I1_001.fastq.gz	5541258d867856d2004d1d9c0d03d2e8
/nfs/dri/02/rdsmbh/shared/rdsmbh/230327_A00748_0368_AH5CTMDSX5_fastq/39_V_39_S39_L001_I2_001.fastq.gz	1f6a2beab14349b81f9e2a8592b170dd
/nfs/dri/02/rdsmbh/shared/rdsmbh/230327_A00748_0368_AH5CTMDSX5_fastq/39_V_39_S39_L001_R1_001.fastq.gz	c9697835c5414fd7bbfd977be4a270a7
/nfs/dri/02/rdsmbh/shared/rdsmbh/230327_A00748_0368_AH5CTMDSX5_fastq/39_V_39_S39_L001_R2_001.fastq.gz	f9962863e3d4cda56f53fe10b4411968
/nfs/dri/02/rdsmbh/shared/rdsmbh/230327_A00748_0368_AH5CTMDSX5_fastq/39_V_39_S39_L002_I1_001.fastq.gz	c8347caf7128e7213ad16da24b870d61
/nfs/dri/02/rdsmbh/shared/rdsmbh/230327_A00748_0368_AH5CTMDSX5_fastq/39_V_39_S39_L002_I2_001.fastq.gz	f4f19bb39c304f54547978678dd210b1
/nfs/dri/02/rdsmbh/shared/rdsmbh/230327_A00748_0368_AH5CTMDSX5_fastq/39_V_39_S39_L002_R1_001.fastq.gz	487248b971c60346303d6b412fd02776
/nfs/dri/02/rdsmbh/shared/rdsmbh/230327_A00748_0368_AH5CTMDSX5_fastq/39_V_39_S39_L002_R2_001.fastq.gz	0dcc14f77afdae181e337a069b470db0
/nfs/dri/02/rdsmbh/shared/rdsmbh/230327_A00748_0368_AH5CTMDSX5_fastq/39_V_39_S39_L003_I1_001.fastq.gz	f543efc70150d4fc7d719df73807fd81
/nfs/dri/02/rdsmbh/shared/rdsmbh/230327_A00748_0368_AH5CTMDSX5_fastq/39_V_39_S39_L003_I2_001.fastq.gz	9df53ab3645d464fe6424fefb7e00628
/nfs/dri/02/rdsmbh/shared/rdsmbh/230327_A00748_0368_AH5CTMDSX5_fastq/39_V_39_S39_L003_R1_001.fastq.gz	539c6e84b8d4fad4f72be6d905c6cfde
/nfs/dri/02/rdsmbh/shared/rdsmbh/230327_A00748_0368_AH5CTMDSX5_fastq/39_V_39_S39_L003_R2_001.fastq.gz	16bd46ee197263ddde6e4e263c680df7
/nfs/dri/02/rdsmbh/shared/rdsmbh/230327_A00748_0368_AH5CTMDSX5_fastq/39_V_39_S39_L004_I1_001.fastq.gz	feca3975070326f7b7aee72022a63e0f
/nfs/dri/02/rdsmbh/shared/rdsmbh/230327_A00748_0368_AH5CTMDSX5_fastq/39_V_39_S39_L004_I2_001.fastq.gz	8146a835166e4f2e8245fb073b1ae375
/nfs/dri/02/rdsmbh/shared/rdsmbh/230327_A00748_0368_AH5CTMDSX5_fastq/39_V_39_S39_L004_R1_001.fastq.gz	4064187ba0de17ce9b9b86551cea6be2
/nfs/dri/02/rdsmbh/shared/rdsmbh/230327_A00748_0368_AH5CTMDSX5_fastq/39_V_39_S39_L004_R2_001.fastq.gz	83c5574d56bdcb46652f07f120741fc3
/nfs/dri/02/rdsmbh/shared/rdsmbh/230327_A00748_0368_AH5CTMDSX5_fastq/40_V_40_S40_L001_I1_001.fastq.gz	ad86d23d9a5629dbfc2d6cde294d7cab
/nfs/dri/02/rdsmbh/shared/rdsmbh/230327_A00748_0368_AH5CTMDSX5_fastq/40_V_40_S40_L001_I2_001.fastq.gz	16cb16c38a269390a3fbe7e5cb26a1bb
/nfs/dri/02/rdsmbh/shared/rdsmbh/230327_A00748_0368_AH5CTMDSX5_fastq/40_V_40_S40_L001_R1_001.fastq.gz	e8676303ccc75cb6a8c27bae8b90d82c
/nfs/dri/02/rdsmbh/shared/rdsmbh/230327_A00748_0368_AH5CTMDSX5_fastq/40_V_40_S40_L001_R2_001.fastq.gz	3cf34dcda9608ee58e8e77cdda1efac4
/nfs/dri/02/rdsmbh/shared/rdsmbh/230327_A00748_0368_AH5CTMDSX5_fastq/40_V_40_S40_L002_I1_001.fastq.gz	5a26346f40f28625b212824e799f0b10
/nfs/dri/02/rdsmbh/shared/rdsmbh/230327_A00748_0368_AH5CTMDSX5_fastq/40_V_40_S40_L002_I2_001.fastq.gz	5d4748b1648cd3778c5b695810a0cfdd
/nfs/dri/02/rdsmbh/shared/rdsmbh/230327_A00748_0368_AH5CTMDSX5_fastq/40_V_40_S40_L002_R1_001.fastq.gz	ce75eb73c1af1247fd0ed9f99001a1ea
/nfs/dri/02/rdsmbh/shared/rdsmbh/230327_A00748_0368_AH5CTMDSX5_fastq/40_V_40_S40_L002_R2_001.fastq.gz	cc4a6a9441cf660f0c7689a389a4d4bc
/nfs/dri/02/rdsmbh/shared/rdsmbh/230327_A00748_0368_AH5CTMDSX5_fastq/40_V_40_S40_L003_I1_001.fastq.gz	4536622c3f9ab822f42f71401bfaccb5
/nfs/dri/02/rdsmbh/shared/rdsmbh/230327_A00748_0368_AH5CTMDSX5_fastq/40_V_40_S40_L003_I2_001.fastq.gz	fb702312e9c55cad1261cbcbfd58c9d0
/nfs/dri/02/rdsmbh/shared/rdsmbh/230327_A00748_0368_AH5CTMDSX5_fastq/40_V_40_S40_L003_R1_001.fastq.gz	da8c4791e0adad965fab8461e269d11a
/nfs/dri/02/rdsmbh/shared/rdsmbh/230327_A00748_0368_AH5CTMDSX5_fastq/40_V_40_S40_L003_R2_001.fastq.gz	bcc2c587ab24c2d128e7283c94dc1b56
/nfs/dri/02/rdsmbh/shared/rdsmbh/230327_A00748_0368_AH5CTMDSX5_fastq/40_V_40_S40_L004_I1_001.fastq.gz	715de757d9918f8ab305bb9734602352
/nfs/dri/02/rdsmbh/shared/rdsmbh/230327_A00748_0368_AH5CTMDSX5_fastq/40_V_40_S40_L004_I2_001.fastq.gz	3dd80298cba2cc40f084e3898658d144
/nfs/dri/02/rdsmbh/shared/rdsmbh/230327_A00748_0368_AH5CTMDSX5_fastq/40_V_40_S40_L004_R1_001.fastq.gz	7005814fe46e8d5a67d95987a096d83f
/nfs/dri/02/rdsmbh/shared/rdsmbh/230327_A00748_0368_AH5CTMDSX5_fastq/40_V_40_S40_L004_R2_001.fastq.gz	1a8ac4db5f20a0ba01651f7cd24ad1c2
/nfs/dri/02/rdsmbh/shared/rdsmbh/230327_A00748_0368_AH5CTMDSX5_fastq/Undetermined_S0_L001_I1_001.fastq.gz	e10f548c73f444befe5ab00db10a7bd1
/nfs/dri/02/rdsmbh/shared/rdsmbh/230327_A00748_0368_AH5CTMDSX5_fastq/Undetermined_S0_L001_I2_001.fastq.gz	3937588e8134d748255867633f1ac526
/nfs/dri/02/rdsmbh/shared/rdsmbh/230327_A00748_0368_AH5CTMDSX5_fastq/Undetermined_S0_L001_R1_001.fastq.gz	5d0204c6c95a8798b7d16328f928c32c
/nfs/dri/02/rdsmbh/shared/rdsmbh/230327_A00748_0368_AH5CTMDSX5_fastq/Undetermined_S0_L001_R2_001.fastq.gz	58b98652eb169aabf0115050e3cd5d98
/nfs/dri/02/rdsmbh/shared/rdsmbh/230327_A00748_0368_AH5CTMDSX5_fastq/Undetermined_S0_L002_I1_001.fastq.gz	86904d9d15a20d84248c27bc54992398
/nfs/dri/02/rdsmbh/shared/rdsmbh/230327_A00748_0368_AH5CTMDSX5_fastq/Undetermined_S0_L002_I2_001.fastq.gz	8c56c0653c9507d8f80928600262060d
/nfs/dri/02/rdsmbh/shared/rdsmbh/230327_A00748_0368_AH5CTMDSX5_fastq/Undetermined_S0_L002_R1_001.fastq.gz	2e5ca0b6ef0608928aec6b89b2fc2748
/nfs/dri/02/rdsmbh/shared/rdsmbh/230327_A00748_0368_AH5CTMDSX5_fastq/Undetermined_S0_L002_R2_001.fastq.gz	7bad40fa1bfe8724cb8ca2dcf5d85ee6
/nfs/dri/02/rdsmbh/shared/rdsmbh/230327_A00748_0368_AH5CTMDSX5_fastq/Undetermined_S0_L003_I1_001.fastq.gz	4ddfeb19094176ac084e8bd8471688f5
/nfs/dri/02/rdsmbh/shared/rdsmbh/230327_A00748_0368_AH5CTMDSX5_fastq/Undetermined_S0_L003_I2_001.fastq.gz	1241bf2335c8f91d66dc33f67f891b0f
/nfs/dri/02/rdsmbh/shared/rdsmbh/230327_A00748_0368_AH5CTMDSX5_fastq/Undetermined_S0_L003_R1_001.fastq.gz	c27f63bf0de44403bfe73eb8c61c0a18
/nfs/dri/02/rdsmbh/shared/rdsmbh/230327_A00748_0368_AH5CTMDSX5_fastq/Undetermined_S0_L003_R2_001.fastq.gz	afdfb00cb03421476ab03b3846d944ce
/nfs/dri/02/rdsmbh/shared/rdsmbh/230327_A00748_0368_AH5CTMDSX5_fastq/Undetermined_S0_L004_I1_001.fastq.gz	a1640b234569356015e9ec6674918170
/nfs/dri/02/rdsmbh/shared/rdsmbh/230327_A00748_0368_AH5CTMDSX5_fastq/Undetermined_S0_L004_I2_001.fastq.gz	6c83ce974c43de8c6d6f2847953d015b
/nfs/dri/02/rdsmbh/shared/rdsmbh/230327_A00748_0368_AH5CTMDSX5_fastq/Undetermined_S0_L004_R1_001.fastq.gz	d638f36bc15f4e993dd7ad4fad94afae
/nfs/dri/02/rdsmbh/shared/rdsmbh/230327_A00748_0368_AH5CTMDSX5_fastq/Undetermined_S0_L004_R2_001.fastq.gz	4c044ab3da10378f53bdb43d10bba38e
